claim_id,experiment_id,adapter_commit,config_hash,workload,variant,parameter_set,parameters_json,phase,input_scale,threads,invalid_proof_kind,supported,n,mean_latency_ms,stdev_latency_ms,p50_latency_ms,p95_latency_ms,min_latency_ms,max_latency_ms,median_cpu_time_ms,median_peak_rss_mb,median_page_faults,proof_bytes,mean_proof_bytes,stdev_proof_bytes,p50_proof_bytes,p95_proof_bytes,native_relation_size,relation_unit,public_inputs,expected_outcomes,stdev_unavailable_reason,excluded_boundary_metrics,metric_unavailable_reason,speedup_vs_one_thread,speedup_ci_low,speedup_ci_high,parallel_efficiency,application_throughput_units_s,native_overhead_ratio,cpu_wall_ratio,ram_per_application_unit_mb,saturation_threads,scaling_coefficient_a,scaling_exponent_b,scaling_exponent_ci_low,scaling_exponent_ci_high,scaling_r_squared,evidence_class,result_scope,run_role,recorded
PAPER-RQ2-STATE-SCALING,paper-state-stark-v1,7cdc095c81f873e9684a8d88adf809fac9d1d7be,070fb2a0c9e1b51821f47074ab0ab4c638960563985e25ab57ba1bfa5981d842,batched_state,winterfell-0.13.1-f128,state-paper-r1,"{""application_units"":2,""hash_rounds"":5,""scale_mode"":""target_native_size"",""update_bits"":16}",adapter_process_wall,16384,16,,true,10,207.182068,27.638064,217.514549,237.518578,167.581842,241.384539,850.000000,59.306641,15089.500000,,52976.400000,704.256140,53004.000000,53806.400000,16384,air_trace_cells,3,all-expected,,,"Linux procfs read failed: [Errno 13] Permission denied: '/proc/1322/io'; private commit and per-process swap I/O are unavailable; VmSwap reports allocation, not swap traffic; No documented hardware or OS energy counter is configured in WSL2; Linux procfs read failed: [Errno 13] Permission denied: '/proc/944/io'; private commit and per-process swap I/O are unavailable; VmSwap reports allocation, not swap traffic; No documented hardware or OS energy counter is configured in WSL2; private commit and per-process swap I/O are unavailable; VmSwap reports allocation, not swap traffic; No documented hardware or OS energy counter is configured in WSL2",,,,,,,3.907785,0.003620,,,,,,,measured,paper-scale state campaign,measurement,true
PAPER-RQ2-STATE-SCALING,paper-state-stark-v1,7cdc095c81f873e9684a8d88adf809fac9d1d7be,070fb2a0c9e1b51821f47074ab0ab4c638960563985e25ab57ba1bfa5981d842,batched_state,winterfell-0.13.1-f128,state-paper-r1,"{""application_units"":2,""hash_rounds"":5,""scale_mode"":""target_native_size"",""update_bits"":16}",adapter_process_wall,16384,16,wrong_public_input,true,3,214.379581,21.926362,216.230100,233.412844,191.586604,235.322038,790.000000,59.328125,15082.000000,,52144.333333,898.267963,52119.000000,52961.400000,16384,air_trace_cells,3,all-expected,,,"Linux procfs read failed: [Errno 13] Permission denied: '/proc/1286/io'; private commit and per-process swap I/O are unavailable; VmSwap reports allocation, not swap traffic; No documented hardware or OS energy counter is configured in WSL2; Linux procfs read failed: [Errno 13] Permission denied: '/proc/890/io'; private commit and per-process swap I/O are unavailable; VmSwap reports allocation, not swap traffic; No documented hardware or OS energy counter is configured in WSL2; Linux procfs read failed: [Errno 3] No such process: '/proc/1736/status'; private commit and per-process swap I/O are unavailable; VmSwap reports allocation, not swap traffic; No documented hardware or OS energy counter is configured in WSL2",,,,,,,3.653515,0.003621,,,,,,,measured,paper-scale state campaign,measurement,true
PAPER-RQ2-STATE-SCALING,paper-state-stark-v1,7cdc095c81f873e9684a8d88adf809fac9d1d7be,070fb2a0c9e1b51821f47074ab0ab4c638960563985e25ab57ba1bfa5981d842,batched_state,winterfell-0.13.1-f128,state-paper-r1,"{""application_units"":2,""hash_rounds"":5,""scale_mode"":""target_native_size"",""update_bits"":16}",adapter_process_wall,32768,16,,true,10,289.805213,22.398072,287.550982,317.590476,261.795388,318.983049,1465.000000,113.966797,29725.500000,,61681.000000,638.983220,61677.000000,62595.200000,32768,air_trace_cells,3,all-expected,,,"Linux procfs read failed: [Errno 13] Permission denied: '/proc/1124/io'; private commit and per-process swap I/O are unavailable; VmSwap reports allocation, not swap traffic; No documented hardware or OS energy counter is configured in WSL2; Linux procfs read failed: [Errno 13] Permission denied: '/proc/1502/io'; private commit and per-process swap I/O are unavailable; VmSwap reports allocation, not swap traffic; No documented hardware or OS energy counter is configured in WSL2; Linux procfs read failed: [Errno 13] Permission denied: '/proc/1646/io'; private commit and per-process swap I/O are unavailable; VmSwap reports allocation, not swap traffic; No documented hardware or OS energy counter is configured in WSL2; Linux procfs read failed: [Errno 13] Permission denied: '/proc/1682/io'; private commit and per-process swap I/O are unavailable; VmSwap reports allocation, not swap traffic; No documented hardware or OS energy counter is configured in WSL2; Linux procfs read failed: [Errno 13] Permission denied: '/proc/1934/io'; private commit and per-process swap I/O are unavailable; VmSwap reports allocation, not swap traffic; No documented hardware or OS energy counter is configured in WSL2; private commit and per-process swap I/O are unavailable; VmSwap reports allocation, not swap traffic; No documented hardware or OS energy counter is configured in WSL2",,,,,,,5.094749,0.003478,,,,,,,measured,paper-scale state campaign,measurement,true
PAPER-RQ2-STATE-SCALING,paper-state-stark-v1,7cdc095c81f873e9684a8d88adf809fac9d1d7be,070fb2a0c9e1b51821f47074ab0ab4c638960563985e25ab57ba1bfa5981d842,batched_state,winterfell-0.13.1-f128,state-paper-r1,"{""application_units"":2,""hash_rounds"":5,""scale_mode"":""target_native_size"",""update_bits"":16}",adapter_process_wall,65536,16,,true,10,446.536748,69.042055,434.684827,557.052970,358.073371,601.484931,2845.000000,223.250000,59048.500000,,68131.200000,707.047822,68290.500000,68856.700000,65536,air_trace_cells,3,all-expected,,,"Linux procfs read failed: [Errno 13] Permission denied: '/proc/1034/io'; private commit and per-process swap I/O are unavailable; VmSwap reports allocation, not swap traffic; No documented hardware or OS energy counter is configured in WSL2; Linux procfs read failed: [Errno 13] Permission denied: '/proc/1304/io'; private commit and per-process swap I/O are unavailable; VmSwap reports allocation, not swap traffic; No documented hardware or OS energy counter is configured in WSL2; Linux procfs read failed: [Errno 13] Permission denied: '/proc/1970/io'; private commit and per-process swap I/O are unavailable; VmSwap reports allocation, not swap traffic; No documented hardware or OS energy counter is configured in WSL2; Linux procfs read failed: [Errno 13] Permission denied: '/proc/761/io'; private commit and per-process swap I/O are unavailable; VmSwap reports allocation, not swap traffic; No documented hardware or OS energy counter is configured in WSL2; private commit and per-process swap I/O are unavailable; VmSwap reports allocation, not swap traffic; No documented hardware or OS energy counter is configured in WSL2",,,,,,,6.544972,0.003407,,,,,,,measured,paper-scale state campaign,measurement,true
PAPER-RQ2-STATE-SCALING,paper-state-stark-v1,7cdc095c81f873e9684a8d88adf809fac9d1d7be,070fb2a0c9e1b51821f47074ab0ab4c638960563985e25ab57ba1bfa5981d842,batched_state,winterfell-0.13.1-f128,state-paper-r1,"{""application_units"":2,""hash_rounds"":5,""scale_mode"":""target_native_size"",""update_bits"":16}",adapter_process_wall,131072,16,,true,10,787.756851,55.979904,794.664420,868.016050,692.736615,876.839769,6300.000000,441.783203,117678.000000,,74743.700000,833.130782,74920.500000,75619.900000,131072,air_trace_cells,3,all-expected,,,"Linux procfs read failed: [Errno 13] Permission denied: '/proc/1070/io'; private commit and per-process swap I/O are unavailable; VmSwap reports allocation, not swap traffic; No documented hardware or OS energy counter is configured in WSL2; Linux procfs read failed: [Errno 13] Permission denied: '/proc/1178/io'; private commit and per-process swap I/O are unavailable; VmSwap reports allocation, not swap traffic; No documented hardware or OS energy counter is configured in WSL2; Linux procfs read failed: [Errno 13] Permission denied: '/proc/1628/io'; private commit and per-process swap I/O are unavailable; VmSwap reports allocation, not swap traffic; No documented hardware or OS energy counter is configured in WSL2; Linux procfs read failed: [Errno 13] Permission denied: '/proc/1808/io'; private commit and per-process swap I/O are unavailable; VmSwap reports allocation, not swap traffic; No documented hardware or OS energy counter is configured in WSL2; Linux procfs read failed: [Errno 13] Permission denied: '/proc/908/io'; private commit and per-process swap I/O are unavailable; VmSwap reports allocation, not swap traffic; No documented hardware or OS energy counter is configured in WSL2; private commit and per-process swap I/O are unavailable; VmSwap reports allocation, not swap traffic; No documented hardware or OS energy counter is configured in WSL2",,,,,,,7.927875,0.003371,,,,,,,measured,paper-scale state campaign,measurement,true
PAPER-RQ2-STATE-SCALING,paper-state-stark-v1,7cdc095c81f873e9684a8d88adf809fac9d1d7be,070fb2a0c9e1b51821f47074ab0ab4c638960563985e25ab57ba1bfa5981d842,batched_state,winterfell-0.13.1-f128,state-paper-r1,"{""application_units"":2,""hash_rounds"":5,""scale_mode"":""target_native_size"",""update_bits"":16}",adapter_process_wall,262144,16,,true,10,1450.929694,149.808675,1400.863513,1668.698082,1221.458722,1720.164275,12730.000000,870.580078,262508.500000,,84144.900000,792.009603,84102.000000,85308.650000,262144,air_trace_cells,3,all-expected,,,"Linux procfs read failed: [Errno 13] Permission denied: '/proc/1088/io'; private commit and per-process swap I/O are unavailable; VmSwap reports allocation, not swap traffic; No documented hardware or OS energy counter is configured in WSL2; Linux procfs read failed: [Errno 13] Permission denied: '/proc/1106/io'; private commit and per-process swap I/O are unavailable; VmSwap reports allocation, not swap traffic; No documented hardware or OS energy counter is configured in WSL2; Linux procfs read failed: [Errno 13] Permission denied: '/proc/1196/io'; private commit and per-process swap I/O are unavailable; VmSwap reports allocation, not swap traffic; No documented hardware or OS energy counter is configured in WSL2; Linux procfs read failed: [Errno 13] Permission denied: '/proc/1250/io'; private commit and per-process swap I/O are unavailable; VmSwap reports allocation, not swap traffic; No documented hardware or OS energy counter is configured in WSL2; Linux procfs read failed: [Errno 13] Permission denied: '/proc/1574/io'; private commit and per-process swap I/O are unavailable; VmSwap reports allocation, not swap traffic; No documented hardware or OS energy counter is configured in WSL2; Linux procfs read failed: [Errno 13] Permission denied: '/proc/1592/io'; private commit and per-process swap I/O are unavailable; VmSwap reports allocation, not swap traffic; No documented hardware or OS energy counter is configured in WSL2; Linux procfs read failed: [Errno 13] Permission denied: '/proc/1844/io'; private commit and per-process swap I/O are unavailable; VmSwap reports allocation, not swap traffic; No documented hardware or OS energy counter is configured in WSL2; Linux procfs read failed: [Errno 13] Permission denied: '/proc/2006/io'; private commit and per-process swap I/O are unavailable; VmSwap reports allocation, not swap traffic; No documented hardware or OS energy counter is configured in WSL2; private commit and per-process swap I/O are unavailable; VmSwap reports allocation, not swap traffic; No documented hardware or OS energy counter is configured in WSL2",,,,,,,9.087252,0.003321,,,,,,,measured,paper-scale state campaign,measurement,true
PAPER-RQ2-STATE-SCALING,paper-state-stark-v1,7cdc095c81f873e9684a8d88adf809fac9d1d7be,070fb2a0c9e1b51821f47074ab0ab4c638960563985e25ab57ba1bfa5981d842,batched_state,winterfell-0.13.1-f128,state-paper-r1,"{""application_units"":2,""hash_rounds"":5,""scale_mode"":""target_native_size"",""update_bits"":16}",adapter_process_wall,524288,16,,true,10,2757.594381,246.123147,2730.607785,3069.239776,2387.229987,3091.438055,26130.000000,1736.673828,524669.000000,,92181.300000,754.323545,92205.500000,93176.850000,524288,air_trace_cells,3,all-expected,,,"Linux procfs read failed: [Errno 13] Permission denied: '/proc/1142/io'; private commit and per-process swap I/O are unavailable; VmSwap reports allocation, not swap traffic; No documented hardware or OS energy counter is configured in WSL2; Linux procfs read failed: [Errno 13] Permission denied: '/proc/1520/io'; private commit and per-process swap I/O are unavailable; VmSwap reports allocation, not swap traffic; No documented hardware or OS energy counter is configured in WSL2; Linux procfs read failed: [Errno 13] Permission denied: '/proc/1538/io'; private commit and per-process swap I/O are unavailable; VmSwap reports allocation, not swap traffic; No documented hardware or OS energy counter is configured in WSL2; Linux procfs read failed: [Errno 13] Permission denied: '/proc/1610/io'; private commit and per-process swap I/O are unavailable; VmSwap reports allocation, not swap traffic; No documented hardware or OS energy counter is configured in WSL2; Linux procfs read failed: [Errno 13] Permission denied: '/proc/1700/io'; private commit and per-process swap I/O are unavailable; VmSwap reports allocation, not swap traffic; No documented hardware or OS energy counter is configured in WSL2; Linux procfs read failed: [Errno 13] Permission denied: '/proc/1826/io'; private commit and per-process swap I/O are unavailable; VmSwap reports allocation, not swap traffic; No documented hardware or OS energy counter is configured in WSL2; Linux procfs read failed: [Errno 13] Permission denied: '/proc/1880/io'; private commit and per-process swap I/O are unavailable; VmSwap reports allocation, not swap traffic; No documented hardware or OS energy counter is configured in WSL2; Linux procfs read failed: [Errno 13] Permission denied: '/proc/1898/io'; private commit and per-process swap I/O are unavailable; VmSwap reports allocation, not swap traffic; No documented hardware or OS energy counter is configured in WSL2; Linux procfs read failed: [Errno 13] Permission denied: '/proc/1952/io'; private commit and per-process swap I/O are unavailable; VmSwap reports allocation, not swap traffic; No documented hardware or OS energy counter is configured in WSL2; Linux procfs read failed: [Errno 13] Permission denied: '/proc/836/io'; private commit and per-process swap I/O are unavailable; VmSwap reports allocation, not swap traffic; No documented hardware or OS energy counter is configured in WSL2",,,,,,,9.569298,0.003312,,,,,,,measured,paper-scale state campaign,measurement,true
PAPER-RQ2-STATE-SCALING,paper-state-stark-v1,7cdc095c81f873e9684a8d88adf809fac9d1d7be,070fb2a0c9e1b51821f47074ab0ab4c638960563985e25ab57ba1bfa5981d842,batched_state,winterfell-0.13.1-f128,state-paper-r1,"{""application_units"":2,""hash_rounds"":5,""scale_mode"":""target_native_size"",""update_bits"":16}",adapter_process_wall,1048576,16,,true,10,5682.406579,394.089597,5632.261325,6332.246590,5191.428698,6453.779534,54800.000000,3468.789062,1049023.000000,,99084.300000,1004.387381,99314.000000,99990.050000,1048576,air_trace_cells,3,all-expected,,,"Linux procfs read failed: [Errno 13] Permission denied: '/proc/1214/io'; private commit and per-process swap I/O are unavailable; VmSwap reports allocation, not swap traffic; No documented hardware or OS energy counter is configured in WSL2; Linux procfs read failed: [Errno 13] Permission denied: '/proc/1556/io'; private commit and per-process swap I/O are unavailable; VmSwap reports allocation, not swap traffic; No documented hardware or OS energy counter is configured in WSL2; Linux procfs read failed: [Errno 13] Permission denied: '/proc/1790/io'; private commit and per-process swap I/O are unavailable; VmSwap reports allocation, not swap traffic; No documented hardware or OS energy counter is configured in WSL2; Linux procfs read failed: [Errno 13] Permission denied: '/proc/818/io'; private commit and per-process swap I/O are unavailable; VmSwap reports allocation, not swap traffic; No documented hardware or OS energy counter is configured in WSL2; private commit and per-process swap I/O are unavailable; VmSwap reports allocation, not swap traffic; No documented hardware or OS energy counter is configured in WSL2",,,,,,,9.729662,0.003308,,,,,,,measured,paper-scale state campaign,measurement,true
PAPER-RQ2-STATE-SCALING,paper-state-stark-v1,7cdc095c81f873e9684a8d88adf809fac9d1d7be,070fb2a0c9e1b51821f47074ab0ab4c638960563985e25ab57ba1bfa5981d842,batched_state,winterfell-0.13.1-f128,state-paper-r1,"{""application_units"":2,""hash_rounds"":5,""scale_mode"":""target_native_size"",""update_bits"":16}",deserialize,16384,16,,true,10,0.062942,0.053047,0.031984,0.145151,0.026740,0.192048,,,,,,,,,,,,not-applicable,,,,,,,,,,,,,,,,,,measured,paper-scale state campaign,measurement,true
PAPER-RQ2-STATE-SCALING,paper-state-stark-v1,7cdc095c81f873e9684a8d88adf809fac9d1d7be,070fb2a0c9e1b51821f47074ab0ab4c638960563985e25ab57ba1bfa5981d842,batched_state,winterfell-0.13.1-f128,state-paper-r1,"{""application_units"":2,""hash_rounds"":5,""scale_mode"":""target_native_size"",""update_bits"":16}",deserialize,16384,16,wrong_public_input,true,3,0.042168,0.026282,0.027241,0.067988,0.026749,0.072515,,,,,,,,,,,,not-applicable,,,,,,,,,,,,,,,,,,measured,paper-scale state campaign,measurement,true
PAPER-RQ2-STATE-SCALING,paper-state-stark-v1,7cdc095c81f873e9684a8d88adf809fac9d1d7be,070fb2a0c9e1b51821f47074ab0ab4c638960563985e25ab57ba1bfa5981d842,batched_state,winterfell-0.13.1-f128,state-paper-r1,"{""application_units"":2,""hash_rounds"":5,""scale_mode"":""target_native_size"",""update_bits"":16}",deserialize,32768,16,,true,10,0.028391,0.001569,0.028403,0.030512,0.025919,0.030737,,,,,,,,,,,,not-applicable,,,,,,,,,,,,,,,,,,measured,paper-scale state campaign,measurement,true
PAPER-RQ2-STATE-SCALING,paper-state-stark-v1,7cdc095c81f873e9684a8d88adf809fac9d1d7be,070fb2a0c9e1b51821f47074ab0ab4c638960563985e25ab57ba1bfa5981d842,batched_state,winterfell-0.13.1-f128,state-paper-r1,"{""application_units"":2,""hash_rounds"":5,""scale_mode"":""target_native_size"",""update_bits"":16}",deserialize,65536,16,,true,10,0.035495,0.010790,0.030086,0.054425,0.027572,0.060452,,,,,,,,,,,,not-applicable,,,,,,,,,,,,,,,,,,measured,paper-scale state campaign,measurement,true
PAPER-RQ2-STATE-SCALING,paper-state-stark-v1,7cdc095c81f873e9684a8d88adf809fac9d1d7be,070fb2a0c9e1b51821f47074ab0ab4c638960563985e25ab57ba1bfa5981d842,batched_state,winterfell-0.13.1-f128,state-paper-r1,"{""application_units"":2,""hash_rounds"":5,""scale_mode"":""target_native_size"",""update_bits"":16}",deserialize,131072,16,,true,10,0.033658,0.002819,0.033017,0.038086,0.029124,0.038622,,,,,,,,,,,,not-applicable,,,,,,,,,,,,,,,,,,measured,paper-scale state campaign,measurement,true
PAPER-RQ2-STATE-SCALING,paper-state-stark-v1,7cdc095c81f873e9684a8d88adf809fac9d1d7be,070fb2a0c9e1b51821f47074ab0ab4c638960563985e25ab57ba1bfa5981d842,batched_state,winterfell-0.13.1-f128,state-paper-r1,"{""application_units"":2,""hash_rounds"":5,""scale_mode"":""target_native_size"",""update_bits"":16}",deserialize,262144,16,,true,10,0.042956,0.014641,0.034774,0.066648,0.029685,0.072094,,,,,,,,,,,,not-applicable,,,,,,,,,,,,,,,,,,measured,paper-scale state campaign,measurement,true
PAPER-RQ2-STATE-SCALING,paper-state-stark-v1,7cdc095c81f873e9684a8d88adf809fac9d1d7be,070fb2a0c9e1b51821f47074ab0ab4c638960563985e25ab57ba1bfa5981d842,batched_state,winterfell-0.13.1-f128,state-paper-r1,"{""application_units"":2,""hash_rounds"":5,""scale_mode"":""target_native_size"",""update_bits"":16}",deserialize,524288,16,,true,10,0.036517,0.007772,0.033227,0.051124,0.031007,0.053950,,,,,,,,,,,,not-applicable,,,,,,,,,,,,,,,,,,measured,paper-scale state campaign,measurement,true
PAPER-RQ2-STATE-SCALING,paper-state-stark-v1,7cdc095c81f873e9684a8d88adf809fac9d1d7be,070fb2a0c9e1b51821f47074ab0ab4c638960563985e25ab57ba1bfa5981d842,batched_state,winterfell-0.13.1-f128,state-paper-r1,"{""application_units"":2,""hash_rounds"":5,""scale_mode"":""target_native_size"",""update_bits"":16}",deserialize,1048576,16,,true,10,0.039653,0.007062,0.037735,0.052401,0.032380,0.056405,,,,,,,,,,,,not-applicable,,,,,,,,,,,,,,,,,,measured,paper-scale state campaign,measurement,true
PAPER-RQ2-STATE-SCALING,paper-state-stark-v1,7cdc095c81f873e9684a8d88adf809fac9d1d7be,070fb2a0c9e1b51821f47074ab0ab4c638960563985e25ab57ba1bfa5981d842,batched_state,winterfell-0.13.1-f128,state-paper-r1,"{""application_units"":2,""hash_rounds"":5,""scale_mode"":""target_native_size"",""update_bits"":16}",fft_ntt,16384,16,,false,,,,,,,,,,,,,,,,,,,not-applicable,,,Winterfell exposes transparent trace/AIR proofing; no trusted setup or KZG commitment phase,,,,,,,,,,,,,,,measured,paper-scale state campaign,measurement,true
PAPER-RQ2-STATE-SCALING,paper-state-stark-v1,7cdc095c81f873e9684a8d88adf809fac9d1d7be,070fb2a0c9e1b51821f47074ab0ab4c638960563985e25ab57ba1bfa5981d842,batched_state,winterfell-0.13.1-f128,state-paper-r1,"{""application_units"":2,""hash_rounds"":5,""scale_mode"":""target_native_size"",""update_bits"":16}",fft_ntt,16384,16,wrong_public_input,false,,,,,,,,,,,,,,,,,,,not-applicable,,,Winterfell exposes transparent trace/AIR proofing; no trusted setup or KZG commitment phase,,,,,,,,,,,,,,,measured,paper-scale state campaign,measurement,true
PAPER-RQ2-STATE-SCALING,paper-state-stark-v1,7cdc095c81f873e9684a8d88adf809fac9d1d7be,070fb2a0c9e1b51821f47074ab0ab4c638960563985e25ab57ba1bfa5981d842,batched_state,winterfell-0.13.1-f128,state-paper-r1,"{""application_units"":2,""hash_rounds"":5,""scale_mode"":""target_native_size"",""update_bits"":16}",fft_ntt,32768,16,,false,,,,,,,,,,,,,,,,,,,not-applicable,,,Winterfell exposes transparent trace/AIR proofing; no trusted setup or KZG commitment phase,,,,,,,,,,,,,,,measured,paper-scale state campaign,measurement,true
PAPER-RQ2-STATE-SCALING,paper-state-stark-v1,7cdc095c81f873e9684a8d88adf809fac9d1d7be,070fb2a0c9e1b51821f47074ab0ab4c638960563985e25ab57ba1bfa5981d842,batched_state,winterfell-0.13.1-f128,state-paper-r1,"{""application_units"":2,""hash_rounds"":5,""scale_mode"":""target_native_size"",""update_bits"":16}",fft_ntt,65536,16,,false,,,,,,,,,,,,,,,,,,,not-applicable,,,Winterfell exposes transparent trace/AIR proofing; no trusted setup or KZG commitment phase,,,,,,,,,,,,,,,measured,paper-scale state campaign,measurement,true
PAPER-RQ2-STATE-SCALING,paper-state-stark-v1,7cdc095c81f873e9684a8d88adf809fac9d1d7be,070fb2a0c9e1b51821f47074ab0ab4c638960563985e25ab57ba1bfa5981d842,batched_state,winterfell-0.13.1-f128,state-paper-r1,"{""application_units"":2,""hash_rounds"":5,""scale_mode"":""target_native_size"",""update_bits"":16}",fft_ntt,131072,16,,false,,,,,,,,,,,,,,,,,,,not-applicable,,,Winterfell exposes transparent trace/AIR proofing; no trusted setup or KZG commitment phase,,,,,,,,,,,,,,,measured,paper-scale state campaign,measurement,true
PAPER-RQ2-STATE-SCALING,paper-state-stark-v1,7cdc095c81f873e9684a8d88adf809fac9d1d7be,070fb2a0c9e1b51821f47074ab0ab4c638960563985e25ab57ba1bfa5981d842,batched_state,winterfell-0.13.1-f128,state-paper-r1,"{""application_units"":2,""hash_rounds"":5,""scale_mode"":""target_native_size"",""update_bits"":16}",fft_ntt,262144,16,,false,,,,,,,,,,,,,,,,,,,not-applicable,,,Winterfell exposes transparent trace/AIR proofing; no trusted setup or KZG commitment phase,,,,,,,,,,,,,,,measured,paper-scale state campaign,measurement,true
PAPER-RQ2-STATE-SCALING,paper-state-stark-v1,7cdc095c81f873e9684a8d88adf809fac9d1d7be,070fb2a0c9e1b51821f47074ab0ab4c638960563985e25ab57ba1bfa5981d842,batched_state,winterfell-0.13.1-f128,state-paper-r1,"{""application_units"":2,""hash_rounds"":5,""scale_mode"":""target_native_size"",""update_bits"":16}",fft_ntt,524288,16,,false,,,,,,,,,,,,,,,,,,,not-applicable,,,Winterfell exposes transparent trace/AIR proofing; no trusted setup or KZG commitment phase,,,,,,,,,,,,,,,measured,paper-scale state campaign,measurement,true
PAPER-RQ2-STATE-SCALING,paper-state-stark-v1,7cdc095c81f873e9684a8d88adf809fac9d1d7be,070fb2a0c9e1b51821f47074ab0ab4c638960563985e25ab57ba1bfa5981d842,batched_state,winterfell-0.13.1-f128,state-paper-r1,"{""application_units"":2,""hash_rounds"":5,""scale_mode"":""target_native_size"",""update_bits"":16}",fft_ntt,1048576,16,,false,,,,,,,,,,,,,,,,,,,not-applicable,,,Winterfell exposes transparent trace/AIR proofing; no trusted setup or KZG commitment phase,,,,,,,,,,,,,,,measured,paper-scale state campaign,measurement,true
PAPER-RQ2-STATE-SCALING,paper-state-stark-v1,7cdc095c81f873e9684a8d88adf809fac9d1d7be,070fb2a0c9e1b51821f47074ab0ab4c638960563985e25ab57ba1bfa5981d842,batched_state,winterfell-0.13.1-f128,state-paper-r1,"{""application_units"":2,""hash_rounds"":5,""scale_mode"":""target_native_size"",""update_bits"":16}",invalid_reject,16384,16,wrong_public_input,true,3,0.073096,0.007616,0.070852,0.080509,0.066855,0.081582,,,,,,,,,,,,not-applicable,,,,,,,,,,,,,,,,,,measured,paper-scale state campaign,measurement,true
PAPER-RQ2-STATE-SCALING,paper-state-stark-v1,7cdc095c81f873e9684a8d88adf809fac9d1d7be,070fb2a0c9e1b51821f47074ab0ab4c638960563985e25ab57ba1bfa5981d842,batched_state,winterfell-0.13.1-f128,state-paper-r1,"{""application_units"":2,""hash_rounds"":5,""scale_mode"":""target_native_size"",""update_bits"":16}",key_load,16384,16,,false,,,,,,,,,,,,,,,,,,,not-applicable,,,Winterfell exposes transparent trace/AIR proofing; no trusted setup or KZG commitment phase,,,,,,,,,,,,,,,measured,paper-scale state campaign,measurement,true
PAPER-RQ2-STATE-SCALING,paper-state-stark-v1,7cdc095c81f873e9684a8d88adf809fac9d1d7be,070fb2a0c9e1b51821f47074ab0ab4c638960563985e25ab57ba1bfa5981d842,batched_state,winterfell-0.13.1-f128,state-paper-r1,"{""application_units"":2,""hash_rounds"":5,""scale_mode"":""target_native_size"",""update_bits"":16}",key_load,16384,16,wrong_public_input,false,,,,,,,,,,,,,,,,,,,not-applicable,,,Winterfell exposes transparent trace/AIR proofing; no trusted setup or KZG commitment phase,,,,,,,,,,,,,,,measured,paper-scale state campaign,measurement,true
PAPER-RQ2-STATE-SCALING,paper-state-stark-v1,7cdc095c81f873e9684a8d88adf809fac9d1d7be,070fb2a0c9e1b51821f47074ab0ab4c638960563985e25ab57ba1bfa5981d842,batched_state,winterfell-0.13.1-f128,state-paper-r1,"{""application_units"":2,""hash_rounds"":5,""scale_mode"":""target_native_size"",""update_bits"":16}",key_load,32768,16,,false,,,,,,,,,,,,,,,,,,,not-applicable,,,Winterfell exposes transparent trace/AIR proofing; no trusted setup or KZG commitment phase,,,,,,,,,,,,,,,measured,paper-scale state campaign,measurement,true
PAPER-RQ2-STATE-SCALING,paper-state-stark-v1,7cdc095c81f873e9684a8d88adf809fac9d1d7be,070fb2a0c9e1b51821f47074ab0ab4c638960563985e25ab57ba1bfa5981d842,batched_state,winterfell-0.13.1-f128,state-paper-r1,"{""application_units"":2,""hash_rounds"":5,""scale_mode"":""target_native_size"",""update_bits"":16}",key_load,65536,16,,false,,,,,,,,,,,,,,,,,,,not-applicable,,,Winterfell exposes transparent trace/AIR proofing; no trusted setup or KZG commitment phase,,,,,,,,,,,,,,,measured,paper-scale state campaign,measurement,true
PAPER-RQ2-STATE-SCALING,paper-state-stark-v1,7cdc095c81f873e9684a8d88adf809fac9d1d7be,070fb2a0c9e1b51821f47074ab0ab4c638960563985e25ab57ba1bfa5981d842,batched_state,winterfell-0.13.1-f128,state-paper-r1,"{""application_units"":2,""hash_rounds"":5,""scale_mode"":""target_native_size"",""update_bits"":16}",key_load,131072,16,,false,,,,,,,,,,,,,,,,,,,not-applicable,,,Winterfell exposes transparent trace/AIR proofing; no trusted setup or KZG commitment phase,,,,,,,,,,,,,,,measured,paper-scale state campaign,measurement,true
PAPER-RQ2-STATE-SCALING,paper-state-stark-v1,7cdc095c81f873e9684a8d88adf809fac9d1d7be,070fb2a0c9e1b51821f47074ab0ab4c638960563985e25ab57ba1bfa5981d842,batched_state,winterfell-0.13.1-f128,state-paper-r1,"{""application_units"":2,""hash_rounds"":5,""scale_mode"":""target_native_size"",""update_bits"":16}",key_load,262144,16,,false,,,,,,,,,,,,,,,,,,,not-applicable,,,Winterfell exposes transparent trace/AIR proofing; no trusted setup or KZG commitment phase,,,,,,,,,,,,,,,measured,paper-scale state campaign,measurement,true
PAPER-RQ2-STATE-SCALING,paper-state-stark-v1,7cdc095c81f873e9684a8d88adf809fac9d1d7be,070fb2a0c9e1b51821f47074ab0ab4c638960563985e25ab57ba1bfa5981d842,batched_state,winterfell-0.13.1-f128,state-paper-r1,"{""application_units"":2,""hash_rounds"":5,""scale_mode"":""target_native_size"",""update_bits"":16}",key_load,524288,16,,false,,,,,,,,,,,,,,,,,,,not-applicable,,,Winterfell exposes transparent trace/AIR proofing; no trusted setup or KZG commitment phase,,,,,,,,,,,,,,,measured,paper-scale state campaign,measurement,true
PAPER-RQ2-STATE-SCALING,paper-state-stark-v1,7cdc095c81f873e9684a8d88adf809fac9d1d7be,070fb2a0c9e1b51821f47074ab0ab4c638960563985e25ab57ba1bfa5981d842,batched_state,winterfell-0.13.1-f128,state-paper-r1,"{""application_units"":2,""hash_rounds"":5,""scale_mode"":""target_native_size"",""update_bits"":16}",key_load,1048576,16,,false,,,,,,,,,,,,,,,,,,,not-applicable,,,Winterfell exposes transparent trace/AIR proofing; no trusted setup or KZG commitment phase,,,,,,,,,,,,,,,measured,paper-scale state campaign,measurement,true
PAPER-RQ2-STATE-SCALING,paper-state-stark-v1,7cdc095c81f873e9684a8d88adf809fac9d1d7be,070fb2a0c9e1b51821f47074ab0ab4c638960563985e25ab57ba1bfa5981d842,batched_state,winterfell-0.13.1-f128,state-paper-r1,"{""application_units"":2,""hash_rounds"":5,""scale_mode"":""target_native_size"",""update_bits"":16}",msm,16384,16,,false,,,,,,,,,,,,,,,,,,,not-applicable,,,Winterfell exposes transparent trace/AIR proofing; no trusted setup or KZG commitment phase,,,,,,,,,,,,,,,measured,paper-scale state campaign,measurement,true
PAPER-RQ2-STATE-SCALING,paper-state-stark-v1,7cdc095c81f873e9684a8d88adf809fac9d1d7be,070fb2a0c9e1b51821f47074ab0ab4c638960563985e25ab57ba1bfa5981d842,batched_state,winterfell-0.13.1-f128,state-paper-r1,"{""application_units"":2,""hash_rounds"":5,""scale_mode"":""target_native_size"",""update_bits"":16}",msm,16384,16,wrong_public_input,false,,,,,,,,,,,,,,,,,,,not-applicable,,,Winterfell exposes transparent trace/AIR proofing; no trusted setup or KZG commitment phase,,,,,,,,,,,,,,,measured,paper-scale state campaign,measurement,true
PAPER-RQ2-STATE-SCALING,paper-state-stark-v1,7cdc095c81f873e9684a8d88adf809fac9d1d7be,070fb2a0c9e1b51821f47074ab0ab4c638960563985e25ab57ba1bfa5981d842,batched_state,winterfell-0.13.1-f128,state-paper-r1,"{""application_units"":2,""hash_rounds"":5,""scale_mode"":""target_native_size"",""update_bits"":16}",msm,32768,16,,false,,,,,,,,,,,,,,,,,,,not-applicable,,,Winterfell exposes transparent trace/AIR proofing; no trusted setup or KZG commitment phase,,,,,,,,,,,,,,,measured,paper-scale state campaign,measurement,true
PAPER-RQ2-STATE-SCALING,paper-state-stark-v1,7cdc095c81f873e9684a8d88adf809fac9d1d7be,070fb2a0c9e1b51821f47074ab0ab4c638960563985e25ab57ba1bfa5981d842,batched_state,winterfell-0.13.1-f128,state-paper-r1,"{""application_units"":2,""hash_rounds"":5,""scale_mode"":""target_native_size"",""update_bits"":16}",msm,65536,16,,false,,,,,,,,,,,,,,,,,,,not-applicable,,,Winterfell exposes transparent trace/AIR proofing; no trusted setup or KZG commitment phase,,,,,,,,,,,,,,,measured,paper-scale state campaign,measurement,true
PAPER-RQ2-STATE-SCALING,paper-state-stark-v1,7cdc095c81f873e9684a8d88adf809fac9d1d7be,070fb2a0c9e1b51821f47074ab0ab4c638960563985e25ab57ba1bfa5981d842,batched_state,winterfell-0.13.1-f128,state-paper-r1,"{""application_units"":2,""hash_rounds"":5,""scale_mode"":""target_native_size"",""update_bits"":16}",msm,131072,16,,false,,,,,,,,,,,,,,,,,,,not-applicable,,,Winterfell exposes transparent trace/AIR proofing; no trusted setup or KZG commitment phase,,,,,,,,,,,,,,,measured,paper-scale state campaign,measurement,true
PAPER-RQ2-STATE-SCALING,paper-state-stark-v1,7cdc095c81f873e9684a8d88adf809fac9d1d7be,070fb2a0c9e1b51821f47074ab0ab4c638960563985e25ab57ba1bfa5981d842,batched_state,winterfell-0.13.1-f128,state-paper-r1,"{""application_units"":2,""hash_rounds"":5,""scale_mode"":""target_native_size"",""update_bits"":16}",msm,262144,16,,false,,,,,,,,,,,,,,,,,,,not-applicable,,,Winterfell exposes transparent trace/AIR proofing; no trusted setup or KZG commitment phase,,,,,,,,,,,,,,,measured,paper-scale state campaign,measurement,true
PAPER-RQ2-STATE-SCALING,paper-state-stark-v1,7cdc095c81f873e9684a8d88adf809fac9d1d7be,070fb2a0c9e1b51821f47074ab0ab4c638960563985e25ab57ba1bfa5981d842,batched_state,winterfell-0.13.1-f128,state-paper-r1,"{""application_units"":2,""hash_rounds"":5,""scale_mode"":""target_native_size"",""update_bits"":16}",msm,524288,16,,false,,,,,,,,,,,,,,,,,,,not-applicable,,,Winterfell exposes transparent trace/AIR proofing; no trusted setup or KZG commitment phase,,,,,,,,,,,,,,,measured,paper-scale state campaign,measurement,true
PAPER-RQ2-STATE-SCALING,paper-state-stark-v1,7cdc095c81f873e9684a8d88adf809fac9d1d7be,070fb2a0c9e1b51821f47074ab0ab4c638960563985e25ab57ba1bfa5981d842,batched_state,winterfell-0.13.1-f128,state-paper-r1,"{""application_units"":2,""hash_rounds"":5,""scale_mode"":""target_native_size"",""update_bits"":16}",msm,1048576,16,,false,,,,,,,,,,,,,,,,,,,not-applicable,,,Winterfell exposes transparent trace/AIR proofing; no trusted setup or KZG commitment phase,,,,,,,,,,,,,,,measured,paper-scale state campaign,measurement,true
PAPER-RQ2-STATE-SCALING,paper-state-stark-v1,7cdc095c81f873e9684a8d88adf809fac9d1d7be,070fb2a0c9e1b51821f47074ab0ab4c638960563985e25ab57ba1bfa5981d842,batched_state,winterfell-0.13.1-f128,state-paper-r1,"{""application_units"":2,""hash_rounds"":5,""scale_mode"":""target_native_size"",""update_bits"":16}",native_execution,16384,16,,true,10,1.125606,0.143985,1.085686,1.353649,0.967501,1.400527,,,,,,,,,,,,not-applicable,,,,,,,,,,,,,,,,,,measured,paper-scale state campaign,measurement,true
PAPER-RQ2-STATE-SCALING,paper-state-stark-v1,7cdc095c81f873e9684a8d88adf809fac9d1d7be,070fb2a0c9e1b51821f47074ab0ab4c638960563985e25ab57ba1bfa5981d842,batched_state,winterfell-0.13.1-f128,state-paper-r1,"{""application_units"":2,""hash_rounds"":5,""scale_mode"":""target_native_size"",""update_bits"":16}",native_execution,16384,16,wrong_public_input,true,3,1.253360,0.152488,1.323613,1.354613,1.078408,1.358058,,,,,,,,,,,,not-applicable,,,,,,,,,,,,,,,,,,measured,paper-scale state campaign,measurement,true
PAPER-RQ2-STATE-SCALING,paper-state-stark-v1,7cdc095c81f873e9684a8d88adf809fac9d1d7be,070fb2a0c9e1b51821f47074ab0ab4c638960563985e25ab57ba1bfa5981d842,batched_state,winterfell-0.13.1-f128,state-paper-r1,"{""application_units"":2,""hash_rounds"":5,""scale_mode"":""target_native_size"",""update_bits"":16}",native_execution,32768,16,,true,10,1.293013,0.107071,1.260456,1.468203,1.157304,1.556257,,,,,,,,,,,,not-applicable,,,,,,,,,,,,,,,,,,measured,paper-scale state campaign,measurement,true
PAPER-RQ2-STATE-SCALING,paper-state-stark-v1,7cdc095c81f873e9684a8d88adf809fac9d1d7be,070fb2a0c9e1b51821f47074ab0ab4c638960563985e25ab57ba1bfa5981d842,batched_state,winterfell-0.13.1-f128,state-paper-r1,"{""application_units"":2,""hash_rounds"":5,""scale_mode"":""target_native_size"",""update_bits"":16}",native_execution,65536,16,,true,10,1.576454,0.237477,1.541872,1.947168,1.294911,2.146205,,,,,,,,,,,,not-applicable,,,,,,,,,,,,,,,,,,measured,paper-scale state campaign,measurement,true
PAPER-RQ2-STATE-SCALING,paper-state-stark-v1,7cdc095c81f873e9684a8d88adf809fac9d1d7be,070fb2a0c9e1b51821f47074ab0ab4c638960563985e25ab57ba1bfa5981d842,batched_state,winterfell-0.13.1-f128,state-paper-r1,"{""application_units"":2,""hash_rounds"":5,""scale_mode"":""target_native_size"",""update_bits"":16}",native_execution,131072,16,,true,10,2.139013,0.218782,2.077749,2.482952,1.912331,2.608606,,,,,,,,,,,,not-applicable,,,,,,,,,,,,,,,,,,measured,paper-scale state campaign,measurement,true
PAPER-RQ2-STATE-SCALING,paper-state-stark-v1,7cdc095c81f873e9684a8d88adf809fac9d1d7be,070fb2a0c9e1b51821f47074ab0ab4c638960563985e25ab57ba1bfa5981d842,batched_state,winterfell-0.13.1-f128,state-paper-r1,"{""application_units"":2,""hash_rounds"":5,""scale_mode"":""target_native_size"",""update_bits"":16}",native_execution,262144,16,,true,10,3.458665,0.451172,3.429709,4.175741,2.799119,4.316279,,,,,,,,,,,,not-applicable,,,,,,,,,,,,,,,,,,measured,paper-scale state campaign,measurement,true
PAPER-RQ2-STATE-SCALING,paper-state-stark-v1,7cdc095c81f873e9684a8d88adf809fac9d1d7be,070fb2a0c9e1b51821f47074ab0ab4c638960563985e25ab57ba1bfa5981d842,batched_state,winterfell-0.13.1-f128,state-paper-r1,"{""application_units"":2,""hash_rounds"":5,""scale_mode"":""target_native_size"",""update_bits"":16}",native_execution,524288,16,,true,10,5.290045,0.886218,4.932657,6.704222,4.550842,7.471879,,,,,,,,,,,,not-applicable,,,,,,,,,,,,,,,,,,measured,paper-scale state campaign,measurement,true
PAPER-RQ2-STATE-SCALING,paper-state-stark-v1,7cdc095c81f873e9684a8d88adf809fac9d1d7be,070fb2a0c9e1b51821f47074ab0ab4c638960563985e25ab57ba1bfa5981d842,batched_state,winterfell-0.13.1-f128,state-paper-r1,"{""application_units"":2,""hash_rounds"":5,""scale_mode"":""target_native_size"",""update_bits"":16}",native_execution,1048576,16,,true,10,9.588869,0.585447,9.592016,10.314891,8.515653,10.327892,,,,,,,,,,,,not-applicable,,,,,,,,,,,,,,,,,,measured,paper-scale state campaign,measurement,true
PAPER-RQ2-STATE-SCALING,paper-state-stark-v1,7cdc095c81f873e9684a8d88adf809fac9d1d7be,070fb2a0c9e1b51821f47074ab0ab4c638960563985e25ab57ba1bfa5981d842,batched_state,winterfell-0.13.1-f128,state-paper-r1,"{""application_units"":2,""hash_rounds"":5,""scale_mode"":""target_native_size"",""update_bits"":16}",prove_total,16384,16,,true,10,132.961911,19.887049,140.101727,155.405829,102.143132,159.866677,,,,,,,,,,,,not-applicable,,,,,,,,116943.598122,129.044426,,,,0.019402,0.897291,0.877034,0.936320,0.993086,measured,paper-scale state campaign,measurement,true
PAPER-RQ2-STATE-SCALING,paper-state-stark-v1,7cdc095c81f873e9684a8d88adf809fac9d1d7be,070fb2a0c9e1b51821f47074ab0ab4c638960563985e25ab57ba1bfa5981d842,batched_state,winterfell-0.13.1-f128,state-paper-r1,"{""application_units"":2,""hash_rounds"":5,""scale_mode"":""target_native_size"",""update_bits"":16}",prove_total,16384,16,wrong_public_input,true,3,134.643104,9.838170,132.808306,144.023385,125.851501,145.269505,,,,,,,,,,,,not-applicable,,,,,,,,,,,,,,,,,,measured,paper-scale state campaign,measurement,true
PAPER-RQ2-STATE-SCALING,paper-state-stark-v1,7cdc095c81f873e9684a8d88adf809fac9d1d7be,070fb2a0c9e1b51821f47074ab0ab4c638960563985e25ab57ba1bfa5981d842,batched_state,winterfell-0.13.1-f128,state-paper-r1,"{""application_units"":2,""hash_rounds"":5,""scale_mode"":""target_native_size"",""update_bits"":16}",prove_total,32768,16,,true,10,212.076311,18.989269,209.655998,234.256465,186.272728,237.487346,,,,,,,,,,,,not-applicable,,,,,,,,156294.121755,166.333452,,,,0.019402,0.897291,0.877034,0.936320,0.993086,measured,paper-scale state campaign,measurement,true
PAPER-RQ2-STATE-SCALING,paper-state-stark-v1,7cdc095c81f873e9684a8d88adf809fac9d1d7be,070fb2a0c9e1b51821f47074ab0ab4c638960563985e25ab57ba1bfa5981d842,batched_state,winterfell-0.13.1-f128,state-paper-r1,"{""application_units"":2,""hash_rounds"":5,""scale_mode"":""target_native_size"",""update_bits"":16}",prove_total,65536,16,,true,10,367.168078,59.979900,354.924674,464.088809,294.072246,504.415307,,,,,,,,,,,,not-applicable,,,,,,,,184647.630591,230.190826,,,,0.019402,0.897291,0.877034,0.936320,0.993086,measured,paper-scale state campaign,measurement,true
PAPER-RQ2-STATE-SCALING,paper-state-stark-v1,7cdc095c81f873e9684a8d88adf809fac9d1d7be,070fb2a0c9e1b51821f47074ab0ab4c638960563985e25ab57ba1bfa5981d842,batched_state,winterfell-0.13.1-f128,state-paper-r1,"{""application_units"":2,""hash_rounds"":5,""scale_mode"":""target_native_size"",""update_bits"":16}",prove_total,131072,16,,true,10,705.243770,53.640031,714.870560,780.827873,621.564901,786.354413,,,,,,,,,,,,not-applicable,,,,,,,,183350.675401,344.060198,,,,0.019402,0.897291,0.877034,0.936320,0.993086,measured,paper-scale state campaign,measurement,true
PAPER-RQ2-STATE-SCALING,paper-state-stark-v1,7cdc095c81f873e9684a8d88adf809fac9d1d7be,070fb2a0c9e1b51821f47074ab0ab4c638960563985e25ab57ba1bfa5981d842,batched_state,winterfell-0.13.1-f128,state-paper-r1,"{""application_units"":2,""hash_rounds"":5,""scale_mode"":""target_native_size"",""update_bits"":16}",prove_total,262144,16,,true,10,1357.923370,145.008969,1316.774244,1574.091609,1129.506050,1628.830942,,,,,,,,,,,,not-applicable,,,,,,,,199080.443132,383.931769,,,,0.019402,0.897291,0.877034,0.936320,0.993086,measured,paper-scale state campaign,measurement,true
PAPER-RQ2-STATE-SCALING,paper-state-stark-v1,7cdc095c81f873e9684a8d88adf809fac9d1d7be,070fb2a0c9e1b51821f47074ab0ab4c638960563985e25ab57ba1bfa5981d842,batched_state,winterfell-0.13.1-f128,state-paper-r1,"{""application_units"":2,""hash_rounds"":5,""scale_mode"":""target_native_size"",""update_bits"":16}",prove_total,524288,16,,true,10,2666.392059,241.151470,2648.204970,2977.278514,2302.743070,2988.089178,,,,,,,,,,,,not-applicable,,,,,,,,197978.633014,536.871853,,,,0.019402,0.897291,0.877034,0.936320,0.993086,measured,paper-scale state campaign,measurement,true
PAPER-RQ2-STATE-SCALING,paper-state-stark-v1,7cdc095c81f873e9684a8d88adf809fac9d1d7be,070fb2a0c9e1b51821f47074ab0ab4c638960563985e25ab57ba1bfa5981d842,batched_state,winterfell-0.13.1-f128,state-paper-r1,"{""application_units"":2,""hash_rounds"":5,""scale_mode"":""target_native_size"",""update_bits"":16}",prove_total,1048576,16,,true,10,5577.137408,389.426112,5538.551156,6216.384666,5092.653978,6351.759802,,,,,,,,,,,,not-applicable,,,,,,,,189323.158778,577.412597,,,,0.019402,0.897291,0.877034,0.936320,0.993086,measured,paper-scale state campaign,measurement,true
PAPER-RQ2-STATE-SCALING,paper-state-stark-v1,7cdc095c81f873e9684a8d88adf809fac9d1d7be,070fb2a0c9e1b51821f47074ab0ab4c638960563985e25ab57ba1bfa5981d842,batched_state,winterfell-0.13.1-f128,state-paper-r1,"{""application_units"":2,""hash_rounds"":5,""scale_mode"":""target_native_size"",""update_bits"":16}",serialize,16384,16,,true,10,0.064333,0.072168,0.027166,0.180147,0.022742,0.256127,,,,,,,,,,,,not-applicable,,,,,,,,,,,,,,,,,,measured,paper-scale state campaign,measurement,true
PAPER-RQ2-STATE-SCALING,paper-state-stark-v1,7cdc095c81f873e9684a8d88adf809fac9d1d7be,070fb2a0c9e1b51821f47074ab0ab4c638960563985e25ab57ba1bfa5981d842,batched_state,winterfell-0.13.1-f128,state-paper-r1,"{""application_units"":2,""hash_rounds"":5,""scale_mode"":""target_native_size"",""update_bits"":16}",serialize,16384,16,wrong_public_input,true,3,0.024539,0.002495,0.024355,0.026844,0.022142,0.027121,,,,,,,,,,,,not-applicable,,,,,,,,,,,,,,,,,,measured,paper-scale state campaign,measurement,true
PAPER-RQ2-STATE-SCALING,paper-state-stark-v1,7cdc095c81f873e9684a8d88adf809fac9d1d7be,070fb2a0c9e1b51821f47074ab0ab4c638960563985e25ab57ba1bfa5981d842,batched_state,winterfell-0.13.1-f128,state-paper-r1,"{""application_units"":2,""hash_rounds"":5,""scale_mode"":""target_native_size"",""update_bits"":16}",serialize,32768,16,,true,10,0.056736,0.035293,0.031990,0.101976,0.024977,0.104775,,,,,,,,,,,,not-applicable,,,,,,,,,,,,,,,,,,measured,paper-scale state campaign,measurement,true
PAPER-RQ2-STATE-SCALING,paper-state-stark-v1,7cdc095c81f873e9684a8d88adf809fac9d1d7be,070fb2a0c9e1b51821f47074ab0ab4c638960563985e25ab57ba1bfa5981d842,batched_state,winterfell-0.13.1-f128,state-paper-r1,"{""application_units"":2,""hash_rounds"":5,""scale_mode"":""target_native_size"",""update_bits"":16}",serialize,65536,16,,true,10,0.044052,0.025815,0.033698,0.088398,0.029395,0.113041,,,,,,,,,,,,not-applicable,,,,,,,,,,,,,,,,,,measured,paper-scale state campaign,measurement,true
PAPER-RQ2-STATE-SCALING,paper-state-stark-v1,7cdc095c81f873e9684a8d88adf809fac9d1d7be,070fb2a0c9e1b51821f47074ab0ab4c638960563985e25ab57ba1bfa5981d842,batched_state,winterfell-0.13.1-f128,state-paper-r1,"{""application_units"":2,""hash_rounds"":5,""scale_mode"":""target_native_size"",""update_bits"":16}",serialize,131072,16,,true,10,0.031670,0.005444,0.029444,0.040377,0.025948,0.041658,,,,,,,,,,,,not-applicable,,,,,,,,,,,,,,,,,,measured,paper-scale state campaign,measurement,true
PAPER-RQ2-STATE-SCALING,paper-state-stark-v1,7cdc095c81f873e9684a8d88adf809fac9d1d7be,070fb2a0c9e1b51821f47074ab0ab4c638960563985e25ab57ba1bfa5981d842,batched_state,winterfell-0.13.1-f128,state-paper-r1,"{""application_units"":2,""hash_rounds"":5,""scale_mode"":""target_native_size"",""update_bits"":16}",serialize,262144,16,,true,10,0.038516,0.010796,0.038627,0.050670,0.027000,0.051847,,,,,,,,,,,,not-applicable,,,,,,,,,,,,,,,,,,measured,paper-scale state campaign,measurement,true
PAPER-RQ2-STATE-SCALING,paper-state-stark-v1,7cdc095c81f873e9684a8d88adf809fac9d1d7be,070fb2a0c9e1b51821f47074ab0ab4c638960563985e25ab57ba1bfa5981d842,batched_state,winterfell-0.13.1-f128,state-paper-r1,"{""application_units"":2,""hash_rounds"":5,""scale_mode"":""target_native_size"",""update_bits"":16}",serialize,524288,16,,true,10,0.030990,0.005495,0.029766,0.040566,0.025718,0.043812,,,,,,,,,,,,not-applicable,,,,,,,,,,,,,,,,,,measured,paper-scale state campaign,measurement,true
PAPER-RQ2-STATE-SCALING,paper-state-stark-v1,7cdc095c81f873e9684a8d88adf809fac9d1d7be,070fb2a0c9e1b51821f47074ab0ab4c638960563985e25ab57ba1bfa5981d842,batched_state,winterfell-0.13.1-f128,state-paper-r1,"{""application_units"":2,""hash_rounds"":5,""scale_mode"":""target_native_size"",""update_bits"":16}",serialize,1048576,16,,true,10,0.067934,0.043356,0.048596,0.144125,0.032371,0.147695,,,,,,,,,,,,not-applicable,,,,,,,,,,,,,,,,,,measured,paper-scale state campaign,measurement,true
PAPER-RQ2-STATE-SCALING,paper-state-stark-v1,7cdc095c81f873e9684a8d88adf809fac9d1d7be,070fb2a0c9e1b51821f47074ab0ab4c638960563985e25ab57ba1bfa5981d842,batched_state,winterfell-0.13.1-f128,state-paper-r1,"{""application_units"":2,""hash_rounds"":5,""scale_mode"":""target_native_size"",""update_bits"":16}",setup_or_preprocess,16384,16,,false,,,,,,,,,,,,,,,,,,,not-applicable,,,Winterfell exposes transparent trace/AIR proofing; no trusted setup or KZG commitment phase,,,,,,,,,,,,,,,measured,paper-scale state campaign,measurement,true
PAPER-RQ2-STATE-SCALING,paper-state-stark-v1,7cdc095c81f873e9684a8d88adf809fac9d1d7be,070fb2a0c9e1b51821f47074ab0ab4c638960563985e25ab57ba1bfa5981d842,batched_state,winterfell-0.13.1-f128,state-paper-r1,"{""application_units"":2,""hash_rounds"":5,""scale_mode"":""target_native_size"",""update_bits"":16}",setup_or_preprocess,16384,16,wrong_public_input,false,,,,,,,,,,,,,,,,,,,not-applicable,,,Winterfell exposes transparent trace/AIR proofing; no trusted setup or KZG commitment phase,,,,,,,,,,,,,,,measured,paper-scale state campaign,measurement,true
PAPER-RQ2-STATE-SCALING,paper-state-stark-v1,7cdc095c81f873e9684a8d88adf809fac9d1d7be,070fb2a0c9e1b51821f47074ab0ab4c638960563985e25ab57ba1bfa5981d842,batched_state,winterfell-0.13.1-f128,state-paper-r1,"{""application_units"":2,""hash_rounds"":5,""scale_mode"":""target_native_size"",""update_bits"":16}",setup_or_preprocess,32768,16,,false,,,,,,,,,,,,,,,,,,,not-applicable,,,Winterfell exposes transparent trace/AIR proofing; no trusted setup or KZG commitment phase,,,,,,,,,,,,,,,measured,paper-scale state campaign,measurement,true
PAPER-RQ2-STATE-SCALING,paper-state-stark-v1,7cdc095c81f873e9684a8d88adf809fac9d1d7be,070fb2a0c9e1b51821f47074ab0ab4c638960563985e25ab57ba1bfa5981d842,batched_state,winterfell-0.13.1-f128,state-paper-r1,"{""application_units"":2,""hash_rounds"":5,""scale_mode"":""target_native_size"",""update_bits"":16}",setup_or_preprocess,65536,16,,false,,,,,,,,,,,,,,,,,,,not-applicable,,,Winterfell exposes transparent trace/AIR proofing; no trusted setup or KZG commitment phase,,,,,,,,,,,,,,,measured,paper-scale state campaign,measurement,true
PAPER-RQ2-STATE-SCALING,paper-state-stark-v1,7cdc095c81f873e9684a8d88adf809fac9d1d7be,070fb2a0c9e1b51821f47074ab0ab4c638960563985e25ab57ba1bfa5981d842,batched_state,winterfell-0.13.1-f128,state-paper-r1,"{""application_units"":2,""hash_rounds"":5,""scale_mode"":""target_native_size"",""update_bits"":16}",setup_or_preprocess,131072,16,,false,,,,,,,,,,,,,,,,,,,not-applicable,,,Winterfell exposes transparent trace/AIR proofing; no trusted setup or KZG commitment phase,,,,,,,,,,,,,,,measured,paper-scale state campaign,measurement,true
PAPER-RQ2-STATE-SCALING,paper-state-stark-v1,7cdc095c81f873e9684a8d88adf809fac9d1d7be,070fb2a0c9e1b51821f47074ab0ab4c638960563985e25ab57ba1bfa5981d842,batched_state,winterfell-0.13.1-f128,state-paper-r1,"{""application_units"":2,""hash_rounds"":5,""scale_mode"":""target_native_size"",""update_bits"":16}",setup_or_preprocess,262144,16,,false,,,,,,,,,,,,,,,,,,,not-applicable,,,Winterfell exposes transparent trace/AIR proofing; no trusted setup or KZG commitment phase,,,,,,,,,,,,,,,measured,paper-scale state campaign,measurement,true
PAPER-RQ2-STATE-SCALING,paper-state-stark-v1,7cdc095c81f873e9684a8d88adf809fac9d1d7be,070fb2a0c9e1b51821f47074ab0ab4c638960563985e25ab57ba1bfa5981d842,batched_state,winterfell-0.13.1-f128,state-paper-r1,"{""application_units"":2,""hash_rounds"":5,""scale_mode"":""target_native_size"",""update_bits"":16}",setup_or_preprocess,524288,16,,false,,,,,,,,,,,,,,,,,,,not-applicable,,,Winterfell exposes transparent trace/AIR proofing; no trusted setup or KZG commitment phase,,,,,,,,,,,,,,,measured,paper-scale state campaign,measurement,true
PAPER-RQ2-STATE-SCALING,paper-state-stark-v1,7cdc095c81f873e9684a8d88adf809fac9d1d7be,070fb2a0c9e1b51821f47074ab0ab4c638960563985e25ab57ba1bfa5981d842,batched_state,winterfell-0.13.1-f128,state-paper-r1,"{""application_units"":2,""hash_rounds"":5,""scale_mode"":""target_native_size"",""update_bits"":16}",setup_or_preprocess,1048576,16,,false,,,,,,,,,,,,,,,,,,,not-applicable,,,Winterfell exposes transparent trace/AIR proofing; no trusted setup or KZG commitment phase,,,,,,,,,,,,,,,measured,paper-scale state campaign,measurement,true
PAPER-RQ2-STATE-SCALING,paper-state-stark-v1,7cdc095c81f873e9684a8d88adf809fac9d1d7be,070fb2a0c9e1b51821f47074ab0ab4c638960563985e25ab57ba1bfa5981d842,batched_state,winterfell-0.13.1-f128,state-paper-r1,"{""application_units"":2,""hash_rounds"":5,""scale_mode"":""target_native_size"",""update_bits"":16}",verify_total,16384,16,,true,10,1.615296,0.174194,1.620246,1.885429,1.407620,1.973785,,,,,,,,,,,,not-applicable,,,,,,,,,,,,,,,,,,measured,paper-scale state campaign,measurement,true
PAPER-RQ2-STATE-SCALING,paper-state-stark-v1,7cdc095c81f873e9684a8d88adf809fac9d1d7be,070fb2a0c9e1b51821f47074ab0ab4c638960563985e25ab57ba1bfa5981d842,batched_state,winterfell-0.13.1-f128,state-paper-r1,"{""application_units"":2,""hash_rounds"":5,""scale_mode"":""target_native_size"",""update_bits"":16}",verify_total,16384,16,wrong_public_input,true,3,0.073096,0.007616,0.070852,0.080509,0.066855,0.081582,,,,,,,,,,,,not-applicable,,,,,,,,,,,,,,,,,,measured,paper-scale state campaign,measurement,true
PAPER-RQ2-STATE-SCALING,paper-state-stark-v1,7cdc095c81f873e9684a8d88adf809fac9d1d7be,070fb2a0c9e1b51821f47074ab0ab4c638960563985e25ab57ba1bfa5981d842,batched_state,winterfell-0.13.1-f128,state-paper-r1,"{""application_units"":2,""hash_rounds"":5,""scale_mode"":""target_native_size"",""update_bits"":16}",verify_total,32768,16,,true,10,1.688197,0.121003,1.702984,1.834942,1.468644,1.868088,,,,,,,,,,,,not-applicable,,,,,,,,,,,,,,,,,,measured,paper-scale state campaign,measurement,true
PAPER-RQ2-STATE-SCALING,paper-state-stark-v1,7cdc095c81f873e9684a8d88adf809fac9d1d7be,070fb2a0c9e1b51821f47074ab0ab4c638960563985e25ab57ba1bfa5981d842,batched_state,winterfell-0.13.1-f128,state-paper-r1,"{""application_units"":2,""hash_rounds"":5,""scale_mode"":""target_native_size"",""update_bits"":16}",verify_total,65536,16,,true,10,1.664002,0.196853,1.594824,2.003045,1.545207,2.189067,,,,,,,,,,,,not-applicable,,,,,,,,,,,,,,,,,,measured,paper-scale state campaign,measurement,true
PAPER-RQ2-STATE-SCALING,paper-state-stark-v1,7cdc095c81f873e9684a8d88adf809fac9d1d7be,070fb2a0c9e1b51821f47074ab0ab4c638960563985e25ab57ba1bfa5981d842,batched_state,winterfell-0.13.1-f128,state-paper-r1,"{""application_units"":2,""hash_rounds"":5,""scale_mode"":""target_native_size"",""update_bits"":16}",verify_total,131072,16,,true,10,1.851540,0.186410,1.848828,2.097953,1.500183,2.199725,,,,,,,,,,,,not-applicable,,,,,,,,,,,,,,,,,,measured,paper-scale state campaign,measurement,true
PAPER-RQ2-STATE-SCALING,paper-state-stark-v1,7cdc095c81f873e9684a8d88adf809fac9d1d7be,070fb2a0c9e1b51821f47074ab0ab4c638960563985e25ab57ba1bfa5981d842,batched_state,winterfell-0.13.1-f128,state-paper-r1,"{""application_units"":2,""hash_rounds"":5,""scale_mode"":""target_native_size"",""update_bits"":16}",verify_total,262144,16,,true,10,1.888922,0.222895,1.875606,2.171256,1.469765,2.202318,,,,,,,,,,,,not-applicable,,,,,,,,,,,,,,,,,,measured,paper-scale state campaign,measurement,true
PAPER-RQ2-STATE-SCALING,paper-state-stark-v1,7cdc095c81f873e9684a8d88adf809fac9d1d7be,070fb2a0c9e1b51821f47074ab0ab4c638960563985e25ab57ba1bfa5981d842,batched_state,winterfell-0.13.1-f128,state-paper-r1,"{""application_units"":2,""hash_rounds"":5,""scale_mode"":""target_native_size"",""update_bits"":16}",verify_total,524288,16,,true,10,1.828658,0.248523,1.753103,2.292642,1.618413,2.346369,,,,,,,,,,,,not-applicable,,,,,,,,,,,,,,,,,,measured,paper-scale state campaign,measurement,true
PAPER-RQ2-STATE-SCALING,paper-state-stark-v1,7cdc095c81f873e9684a8d88adf809fac9d1d7be,070fb2a0c9e1b51821f47074ab0ab4c638960563985e25ab57ba1bfa5981d842,batched_state,winterfell-0.13.1-f128,state-paper-r1,"{""application_units"":2,""hash_rounds"":5,""scale_mode"":""target_native_size"",""update_bits"":16}",verify_total,1048576,16,,true,10,1.956416,0.170011,2.004527,2.142660,1.591023,2.171032,,,,,,,,,,,,not-applicable,,,,,,,,,,,,,,,,,,measured,paper-scale state campaign,measurement,true
PAPER-RQ2-STATE-SCALING,paper-state-stark-v1,7cdc095c81f873e9684a8d88adf809fac9d1d7be,070fb2a0c9e1b51821f47074ab0ab4c638960563985e25ab57ba1bfa5981d842,batched_state,winterfell-0.13.1-f128,state-paper-r1,"{""application_units"":2,""hash_rounds"":5,""scale_mode"":""target_native_size"",""update_bits"":16}",witness,16384,16,,true,10,0.326369,0.076511,0.317291,0.444769,0.235739,0.511773,,,,,,,,,,,,not-applicable,,,,,,,,,,,,,,,,,,measured,paper-scale state campaign,measurement,true
PAPER-RQ2-STATE-SCALING,paper-state-stark-v1,7cdc095c81f873e9684a8d88adf809fac9d1d7be,070fb2a0c9e1b51821f47074ab0ab4c638960563985e25ab57ba1bfa5981d842,batched_state,winterfell-0.13.1-f128,state-paper-r1,"{""application_units"":2,""hash_rounds"":5,""scale_mode"":""target_native_size"",""update_bits"":16}",witness,16384,16,wrong_public_input,true,3,0.297794,0.017006,0.288096,0.314498,0.287856,0.317431,,,,,,,,,,,,not-applicable,,,,,,,,,,,,,,,,,,measured,paper-scale state campaign,measurement,true
PAPER-RQ2-STATE-SCALING,paper-state-stark-v1,7cdc095c81f873e9684a8d88adf809fac9d1d7be,070fb2a0c9e1b51821f47074ab0ab4c638960563985e25ab57ba1bfa5981d842,batched_state,winterfell-0.13.1-f128,state-paper-r1,"{""application_units"":2,""hash_rounds"":5,""scale_mode"":""target_native_size"",""update_bits"":16}",witness,32768,16,,true,10,0.671896,0.164616,0.632688,0.904498,0.477769,0.971758,,,,,,,,,,,,not-applicable,,,,,,,,,,,,,,,,,,measured,paper-scale state campaign,measurement,true
PAPER-RQ2-STATE-SCALING,paper-state-stark-v1,7cdc095c81f873e9684a8d88adf809fac9d1d7be,070fb2a0c9e1b51821f47074ab0ab4c638960563985e25ab57ba1bfa5981d842,batched_state,winterfell-0.13.1-f128,state-paper-r1,"{""application_units"":2,""hash_rounds"":5,""scale_mode"":""target_native_size"",""update_bits"":16}",witness,65536,16,,true,10,1.160814,0.140021,1.129171,1.369433,0.929029,1.379748,,,,,,,,,,,,not-applicable,,,,,,,,,,,,,,,,,,measured,paper-scale state campaign,measurement,true
PAPER-RQ2-STATE-SCALING,paper-state-stark-v1,7cdc095c81f873e9684a8d88adf809fac9d1d7be,070fb2a0c9e1b51821f47074ab0ab4c638960563985e25ab57ba1bfa5981d842,batched_state,winterfell-0.13.1-f128,state-paper-r1,"{""application_units"":2,""hash_rounds"":5,""scale_mode"":""target_native_size"",""update_bits"":16}",witness,131072,16,,true,10,2.242283,0.319621,2.177423,2.743400,1.864351,2.936968,,,,,,,,,,,,not-applicable,,,,,,,,,,,,,,,,,,measured,paper-scale state campaign,measurement,true
PAPER-RQ2-STATE-SCALING,paper-state-stark-v1,7cdc095c81f873e9684a8d88adf809fac9d1d7be,070fb2a0c9e1b51821f47074ab0ab4c638960563985e25ab57ba1bfa5981d842,batched_state,winterfell-0.13.1-f128,state-paper-r1,"{""application_units"":2,""hash_rounds"":5,""scale_mode"":""target_native_size"",""update_bits"":16}",witness,262144,16,,true,10,4.972593,0.791322,4.897953,5.964670,3.775856,6.015208,,,,,,,,,,,,not-applicable,,,,,,,,,,,,,,,,,,measured,paper-scale state campaign,measurement,true
PAPER-RQ2-STATE-SCALING,paper-state-stark-v1,7cdc095c81f873e9684a8d88adf809fac9d1d7be,070fb2a0c9e1b51821f47074ab0ab4c638960563985e25ab57ba1bfa5981d842,batched_state,winterfell-0.13.1-f128,state-paper-r1,"{""application_units"":2,""hash_rounds"":5,""scale_mode"":""target_native_size"",""update_bits"":16}",witness,524288,16,,true,10,8.033586,0.626746,8.129999,8.841410,7.272908,9.130006,,,,,,,,,,,,not-applicable,,,,,,,,,,,,,,,,,,measured,paper-scale state campaign,measurement,true
PAPER-RQ2-STATE-SCALING,paper-state-stark-v1,7cdc095c81f873e9684a8d88adf809fac9d1d7be,070fb2a0c9e1b51821f47074ab0ab4c638960563985e25ab57ba1bfa5981d842,batched_state,winterfell-0.13.1-f128,state-paper-r1,"{""application_units"":2,""hash_rounds"":5,""scale_mode"":""target_native_size"",""update_bits"":16}",witness,1048576,16,,true,10,16.694648,1.876404,16.552901,19.593335,14.241478,21.073040,,,,,,,,,,,,not-applicable,,,,,,,,,,,,,,,,,,measured,paper-scale state campaign,measurement,true
