claim_id,experiment_id,adapter_commit,config_hash,workload,variant,parameter_set,parameters_json,phase,input_scale,threads,invalid_proof_kind,supported,n,mean_latency_ms,stdev_latency_ms,p50_latency_ms,p95_latency_ms,min_latency_ms,max_latency_ms,median_cpu_time_ms,median_peak_rss_mb,median_page_faults,proof_bytes,native_relation_size,relation_unit,public_inputs,expected_outcomes,stdev_unavailable_reason,excluded_boundary_metrics,metric_unavailable_reason,speedup_vs_one_thread,speedup_ci_low,speedup_ci_high,parallel_efficiency,application_throughput_units_s,native_overhead_ratio,cpu_wall_ratio,ram_per_application_unit_mb,saturation_threads,scaling_coefficient_a,scaling_exponent_b,scaling_exponent_ci_low,scaling_exponent_ci_high,scaling_r_squared,evidence_class,result_scope,run_role,recorded
C4-BULLETPROOFS-SPECIALIZED,bulletproofs-range-pilot-v1,47bfac70c1d6594282e7d744ebd8fa5bb594e5d3,bbc0b1a10dec6a35e8a7bb12148f97382d31ec9a72801a9734eae70aae800557,private_swap,bulletproofs-5.0.0-ristretto,range32-aggregate,"{""range_bits"":32}",adapter_process_wall,2,1,,true,3,72.471953,2.155857,71.503686,74.598330,70.969993,74.942179,10.000000,3.125000,381.000000,736,128,range_bits,4,all-expected,,,"private commit and per-process swap I/O are unavailable; VmSwap reports allocation, not swap traffic; No documented hardware or OS energy counter is configured in WSL2",,,,,,,0.139853,1.562500,,,,,,,measured,specialized Bulletproofs range baseline; validate bundle before paper reporting,measurement,true
C4-BULLETPROOFS-SPECIALIZED,bulletproofs-range-pilot-v1,47bfac70c1d6594282e7d744ebd8fa5bb594e5d3,bbc0b1a10dec6a35e8a7bb12148f97382d31ec9a72801a9734eae70aae800557,private_swap,bulletproofs-5.0.0-ristretto,range32-aggregate,"{""range_bits"":32}",adapter_process_wall,2,1,wrong_public_input,true,3,70.450351,3.784104,68.293907,74.167153,68.237409,74.819736,15.000000,3.113281,379.000000,736,128,range_bits,4,all-expected,,,"Linux procfs read failed: [Errno 13] Permission denied: '/proc/551/io'; private commit and per-process swap I/O are unavailable; VmSwap reports allocation, not swap traffic; No documented hardware or OS energy counter is configured in WSL2; Linux procfs read failed: [Errno 13] Permission denied: '/proc/553/io'; private commit and per-process swap I/O are unavailable; VmSwap reports allocation, not swap traffic; No documented hardware or OS energy counter is configured in WSL2; private commit and per-process swap I/O are unavailable; VmSwap reports allocation, not swap traffic; No documented hardware or OS energy counter is configured in WSL2",,,,,,,0.219639,1.556641,,,,,,,measured,specialized Bulletproofs range baseline; validate bundle before paper reporting,measurement,true
C4-BULLETPROOFS-SPECIALIZED,bulletproofs-range-pilot-v1,47bfac70c1d6594282e7d744ebd8fa5bb594e5d3,bbc0b1a10dec6a35e8a7bb12148f97382d31ec9a72801a9734eae70aae800557,private_swap,bulletproofs-5.0.0-ristretto,range32-aggregate,"{""range_bits"":32}",adapter_process_wall,2,2,,true,3,69.868671,2.605129,69.265786,72.376725,67.617841,72.722385,10.000000,3.097656,381.000000,736,128,range_bits,4,all-expected,,,"Linux procfs read failed: [Errno 13] Permission denied: '/proc/539/io'; private commit and per-process swap I/O are unavailable; VmSwap reports allocation, not swap traffic; No documented hardware or OS energy counter is configured in WSL2; private commit and per-process swap I/O are unavailable; VmSwap reports allocation, not swap traffic; No documented hardware or OS energy counter is configured in WSL2",,,,,,,0.144371,1.548828,,,,,,,measured,specialized Bulletproofs range baseline; validate bundle before paper reporting,measurement,true
C4-BULLETPROOFS-SPECIALIZED,bulletproofs-range-pilot-v1,47bfac70c1d6594282e7d744ebd8fa5bb594e5d3,bbc0b1a10dec6a35e8a7bb12148f97382d31ec9a72801a9734eae70aae800557,private_swap,bulletproofs-5.0.0-ristretto,range32-aggregate,"{""range_bits"":32}",adapter_process_wall,2,2,wrong_public_input,true,3,68.401323,0.652477,68.328772,69.011217,67.788154,69.087044,10.000000,3.089844,380.000000,736,128,range_bits,4,all-expected,,,"Linux procfs read failed: [Errno 13] Permission denied: '/proc/499/io'; private commit and per-process swap I/O are unavailable; VmSwap reports allocation, not swap traffic; No documented hardware or OS energy counter is configured in WSL2; Linux procfs read failed: [Errno 13] Permission denied: '/proc/503/io'; private commit and per-process swap I/O are unavailable; VmSwap reports allocation, not swap traffic; No documented hardware or OS energy counter is configured in WSL2; private commit and per-process swap I/O are unavailable; VmSwap reports allocation, not swap traffic; No documented hardware or OS energy counter is configured in WSL2",,,,,,,0.146351,1.544922,,,,,,,measured,specialized Bulletproofs range baseline; validate bundle before paper reporting,measurement,true
C4-BULLETPROOFS-SPECIALIZED,bulletproofs-range-pilot-v1,47bfac70c1d6594282e7d744ebd8fa5bb594e5d3,bbc0b1a10dec6a35e8a7bb12148f97382d31ec9a72801a9734eae70aae800557,private_swap,bulletproofs-5.0.0-ristretto,range32-aggregate,"{""range_bits"":32}",adapter_process_wall,2,4,,true,3,68.434977,0.272305,68.467365,68.667412,68.147926,68.689639,10.000000,3.250000,380.000000,736,128,range_bits,4,all-expected,,,"Linux procfs read failed: [Errno 13] Permission denied: '/proc/489/io'; private commit and per-process swap I/O are unavailable; VmSwap reports allocation, not swap traffic; No documented hardware or OS energy counter is configured in WSL2; Linux procfs read failed: [Errno 13] Permission denied: '/proc/509/io'; private commit and per-process swap I/O are unavailable; VmSwap reports allocation, not swap traffic; No documented hardware or OS energy counter is configured in WSL2; Linux procfs read failed: [Errno 13] Permission denied: '/proc/531/io'; private commit and per-process swap I/O are unavailable; VmSwap reports allocation, not swap traffic; No documented hardware or OS energy counter is configured in WSL2",,,,,,,0.146055,1.625000,,,,,,,measured,specialized Bulletproofs range baseline; validate bundle before paper reporting,measurement,true
C4-BULLETPROOFS-SPECIALIZED,bulletproofs-range-pilot-v1,47bfac70c1d6594282e7d744ebd8fa5bb594e5d3,bbc0b1a10dec6a35e8a7bb12148f97382d31ec9a72801a9734eae70aae800557,private_swap,bulletproofs-5.0.0-ristretto,range32-aggregate,"{""range_bits"":32}",adapter_process_wall,2,4,wrong_public_input,true,3,69.574015,1.157543,69.002679,70.715800,68.813220,70.906147,10.000000,3.109375,381.000000,736,128,range_bits,4,all-expected,,,"Linux procfs read failed: [Errno 13] Permission denied: '/proc/517/io'; private commit and per-process swap I/O are unavailable; VmSwap reports allocation, not swap traffic; No documented hardware or OS energy counter is configured in WSL2; private commit and per-process swap I/O are unavailable; VmSwap reports allocation, not swap traffic; No documented hardware or OS energy counter is configured in WSL2",,,,,,,0.144922,1.554688,,,,,,,measured,specialized Bulletproofs range baseline; validate bundle before paper reporting,measurement,true
C4-BULLETPROOFS-SPECIALIZED,bulletproofs-range-pilot-v1,47bfac70c1d6594282e7d744ebd8fa5bb594e5d3,bbc0b1a10dec6a35e8a7bb12148f97382d31ec9a72801a9734eae70aae800557,private_swap,bulletproofs-5.0.0-ristretto,range32-aggregate,"{""range_bits"":32}",adapter_process_wall,4,1,,true,3,85.814599,1.239279,86.501184,86.552883,84.383987,86.558627,30.000000,3.273438,431.000000,800,256,range_bits,8,all-expected,,,"Linux procfs read failed: [Errno 13] Permission denied: '/proc/479/io'; private commit and per-process swap I/O are unavailable; VmSwap reports allocation, not swap traffic; No documented hardware or OS energy counter is configured in WSL2; private commit and per-process swap I/O are unavailable; VmSwap reports allocation, not swap traffic; No documented hardware or OS energy counter is configured in WSL2",,,,,,,0.346816,0.818360,,,,,,,measured,specialized Bulletproofs range baseline; validate bundle before paper reporting,measurement,true
C4-BULLETPROOFS-SPECIALIZED,bulletproofs-range-pilot-v1,47bfac70c1d6594282e7d744ebd8fa5bb594e5d3,bbc0b1a10dec6a35e8a7bb12148f97382d31ec9a72801a9734eae70aae800557,private_swap,bulletproofs-5.0.0-ristretto,range32-aggregate,"{""range_bits"":32}",adapter_process_wall,4,1,wrong_public_input,true,3,84.233367,1.124512,84.508462,85.126171,82.996834,85.194805,20.000000,3.195312,429.000000,800,256,range_bits,8,all-expected,,,"Linux procfs read failed: [Errno 13] Permission denied: '/proc/491/io'; private commit and per-process swap I/O are unavailable; VmSwap reports allocation, not swap traffic; No documented hardware or OS energy counter is configured in WSL2; private commit and per-process swap I/O are unavailable; VmSwap reports allocation, not swap traffic; No documented hardware or OS energy counter is configured in WSL2",,,,,,,0.236663,0.798828,,,,,,,measured,specialized Bulletproofs range baseline; validate bundle before paper reporting,measurement,true
C4-BULLETPROOFS-SPECIALIZED,bulletproofs-range-pilot-v1,47bfac70c1d6594282e7d744ebd8fa5bb594e5d3,bbc0b1a10dec6a35e8a7bb12148f97382d31ec9a72801a9734eae70aae800557,private_swap,bulletproofs-5.0.0-ristretto,range32-aggregate,"{""range_bits"":32}",adapter_process_wall,4,2,,true,3,91.534870,8.650694,87.918798,100.058063,85.278941,101.406870,30.000000,3.203125,433.000000,800,256,range_bits,8,all-expected,,,"Linux procfs read failed: [Errno 13] Permission denied: '/proc/563/io'; private commit and per-process swap I/O are unavailable; VmSwap reports allocation, not swap traffic; No documented hardware or OS energy counter is configured in WSL2; private commit and per-process swap I/O are unavailable; VmSwap reports allocation, not swap traffic; No documented hardware or OS energy counter is configured in WSL2",,,,,,,0.341224,0.800781,,,,,,,measured,specialized Bulletproofs range baseline; validate bundle before paper reporting,measurement,true
C4-BULLETPROOFS-SPECIALIZED,bulletproofs-range-pilot-v1,47bfac70c1d6594282e7d744ebd8fa5bb594e5d3,bbc0b1a10dec6a35e8a7bb12148f97382d31ec9a72801a9734eae70aae800557,private_swap,bulletproofs-5.0.0-ristretto,range32-aggregate,"{""range_bits"":32}",adapter_process_wall,4,2,wrong_public_input,true,3,85.759534,2.391307,84.788482,88.114105,84.006502,88.483619,30.000000,3.171875,431.000000,800,256,range_bits,8,all-expected,,,"Linux procfs read failed: [Errno 13] Permission denied: '/proc/467/io'; private commit and per-process swap I/O are unavailable; VmSwap reports allocation, not swap traffic; No documented hardware or OS energy counter is configured in WSL2; private commit and per-process swap I/O are unavailable; VmSwap reports allocation, not swap traffic; No documented hardware or OS energy counter is configured in WSL2",,,,,,,0.353822,0.792969,,,,,,,measured,specialized Bulletproofs range baseline; validate bundle before paper reporting,measurement,true
C4-BULLETPROOFS-SPECIALIZED,bulletproofs-range-pilot-v1,47bfac70c1d6594282e7d744ebd8fa5bb594e5d3,bbc0b1a10dec6a35e8a7bb12148f97382d31ec9a72801a9734eae70aae800557,private_swap,bulletproofs-5.0.0-ristretto,range32-aggregate,"{""range_bits"":32}",adapter_process_wall,4,4,,true,3,83.953375,0.850504,84.188277,84.614394,83.010108,84.661740,30.000000,3.230469,430.000000,800,256,range_bits,8,all-expected,,,"Linux procfs read failed: [Errno 13] Permission denied: '/proc/469/io'; private commit and per-process swap I/O are unavailable; VmSwap reports allocation, not swap traffic; No documented hardware or OS energy counter is configured in WSL2; Linux procfs read failed: [Errno 13] Permission denied: '/proc/519/io'; private commit and per-process swap I/O are unavailable; VmSwap reports allocation, not swap traffic; No documented hardware or OS energy counter is configured in WSL2; private commit and per-process swap I/O are unavailable; VmSwap reports allocation, not swap traffic; No documented hardware or OS energy counter is configured in WSL2",,,,,,,0.356344,0.807617,,,,,,,measured,specialized Bulletproofs range baseline; validate bundle before paper reporting,measurement,true
C4-BULLETPROOFS-SPECIALIZED,bulletproofs-range-pilot-v1,47bfac70c1d6594282e7d744ebd8fa5bb594e5d3,bbc0b1a10dec6a35e8a7bb12148f97382d31ec9a72801a9734eae70aae800557,private_swap,bulletproofs-5.0.0-ristretto,range32-aggregate,"{""range_bits"":32}",adapter_process_wall,4,4,wrong_public_input,true,3,84.110445,1.154604,84.500768,84.967445,82.811270,85.019298,20.000000,3.183594,430.000000,800,256,range_bits,8,all-expected,,,"Linux procfs read failed: [Errno 13] Permission denied: '/proc/483/io'; private commit and per-process swap I/O are unavailable; VmSwap reports allocation, not swap traffic; No documented hardware or OS energy counter is configured in WSL2; private commit and per-process swap I/O are unavailable; VmSwap reports allocation, not swap traffic; No documented hardware or OS energy counter is configured in WSL2",,,,,,,0.236684,0.795898,,,,,,,measured,specialized Bulletproofs range baseline; validate bundle before paper reporting,measurement,true
C4-BULLETPROOFS-SPECIALIZED,bulletproofs-range-pilot-v1,47bfac70c1d6594282e7d744ebd8fa5bb594e5d3,bbc0b1a10dec6a35e8a7bb12148f97382d31ec9a72801a9734eae70aae800557,private_swap,bulletproofs-5.0.0-ristretto,range32-aggregate,"{""range_bits"":32}",adapter_process_wall,8,1,,true,3,114.281276,3.570556,113.437873,117.722013,111.207928,118.198028,50.000000,3.613281,646.000000,864,512,range_bits,16,all-expected,,,"Linux procfs read failed: [Errno 13] Permission denied: '/proc/570/io'; private commit and per-process swap I/O are unavailable; VmSwap reports allocation, not swap traffic; No documented hardware or OS energy counter is configured in WSL2; private commit and per-process swap I/O are unavailable; VmSwap reports allocation, not swap traffic; No documented hardware or OS energy counter is configured in WSL2",,,,,,,0.440770,0.451660,,,,,,,measured,specialized Bulletproofs range baseline; validate bundle before paper reporting,measurement,true
C4-BULLETPROOFS-SPECIALIZED,bulletproofs-range-pilot-v1,47bfac70c1d6594282e7d744ebd8fa5bb594e5d3,bbc0b1a10dec6a35e8a7bb12148f97382d31ec9a72801a9734eae70aae800557,private_swap,bulletproofs-5.0.0-ristretto,range32-aggregate,"{""range_bits"":32}",adapter_process_wall,8,1,wrong_public_input,true,3,119.023574,3.297577,118.413223,122.166640,116.073812,122.583686,60.000000,3.609375,644.000000,864,512,range_bits,16,all-expected,,,"Linux procfs read failed: [Errno 13] Permission denied: '/proc/471/io'; private commit and per-process swap I/O are unavailable; VmSwap reports allocation, not swap traffic; No documented hardware or OS energy counter is configured in WSL2; Linux procfs read failed: [Errno 13] Permission denied: '/proc/533/io'; private commit and per-process swap I/O are unavailable; VmSwap reports allocation, not swap traffic; No documented hardware or OS energy counter is configured in WSL2; private commit and per-process swap I/O are unavailable; VmSwap reports allocation, not swap traffic; No documented hardware or OS energy counter is configured in WSL2",,,,,,,0.506700,0.451172,,,,,,,measured,specialized Bulletproofs range baseline; validate bundle before paper reporting,measurement,true
C4-BULLETPROOFS-SPECIALIZED,bulletproofs-range-pilot-v1,47bfac70c1d6594282e7d744ebd8fa5bb594e5d3,bbc0b1a10dec6a35e8a7bb12148f97382d31ec9a72801a9734eae70aae800557,private_swap,bulletproofs-5.0.0-ristretto,range32-aggregate,"{""range_bits"":32}",adapter_process_wall,8,2,,true,3,115.579874,1.083459,115.229915,116.638545,114.714647,116.795060,60.000000,3.613281,646.000000,864,512,range_bits,16,all-expected,,,"private commit and per-process swap I/O are unavailable; VmSwap reports allocation, not swap traffic; No documented hardware or OS energy counter is configured in WSL2",,,,,,,0.520698,0.451660,,,,,,,measured,specialized Bulletproofs range baseline; validate bundle before paper reporting,measurement,true
C4-BULLETPROOFS-SPECIALIZED,bulletproofs-range-pilot-v1,47bfac70c1d6594282e7d744ebd8fa5bb594e5d3,bbc0b1a10dec6a35e8a7bb12148f97382d31ec9a72801a9734eae70aae800557,private_swap,bulletproofs-5.0.0-ristretto,range32-aggregate,"{""range_bits"":32}",adapter_process_wall,8,2,wrong_public_input,true,3,116.509984,3.514026,114.575466,119.967120,114.388293,120.566193,50.000000,3.601562,647.000000,864,512,range_bits,16,all-expected,,,"private commit and per-process swap I/O are unavailable; VmSwap reports allocation, not swap traffic; No documented hardware or OS energy counter is configured in WSL2",,,,,,,0.436394,0.450195,,,,,,,measured,specialized Bulletproofs range baseline; validate bundle before paper reporting,measurement,true
C4-BULLETPROOFS-SPECIALIZED,bulletproofs-range-pilot-v1,47bfac70c1d6594282e7d744ebd8fa5bb594e5d3,bbc0b1a10dec6a35e8a7bb12148f97382d31ec9a72801a9734eae70aae800557,private_swap,bulletproofs-5.0.0-ristretto,range32-aggregate,"{""range_bits"":32}",adapter_process_wall,8,4,,true,3,115.242098,1.452887,115.152657,116.579141,113.835997,116.737639,60.000000,3.589844,643.000000,864,512,range_bits,16,all-expected,,,"Linux procfs read failed: [Errno 13] Permission denied: '/proc/485/io'; private commit and per-process swap I/O are unavailable; VmSwap reports allocation, not swap traffic; No documented hardware or OS energy counter is configured in WSL2; private commit and per-process swap I/O are unavailable; VmSwap reports allocation, not swap traffic; No documented hardware or OS energy counter is configured in WSL2",,,,,,,0.521047,0.448730,,,,,,,measured,specialized Bulletproofs range baseline; validate bundle before paper reporting,measurement,true
C4-BULLETPROOFS-SPECIALIZED,bulletproofs-range-pilot-v1,47bfac70c1d6594282e7d744ebd8fa5bb594e5d3,bbc0b1a10dec6a35e8a7bb12148f97382d31ec9a72801a9734eae70aae800557,private_swap,bulletproofs-5.0.0-ristretto,range32-aggregate,"{""range_bits"":32}",adapter_process_wall,8,4,wrong_public_input,true,3,114.145563,2.536682,112.979003,116.648001,112.402019,117.055667,60.000000,3.609375,645.000000,864,512,range_bits,16,all-expected,,,"private commit and per-process swap I/O are unavailable; VmSwap reports allocation, not swap traffic; No documented hardware or OS energy counter is configured in WSL2",,,,,,,0.531072,0.451172,,,,,,,measured,specialized Bulletproofs range baseline; validate bundle before paper reporting,measurement,true
C4-BULLETPROOFS-SPECIALIZED,bulletproofs-range-pilot-v1,47bfac70c1d6594282e7d744ebd8fa5bb594e5d3,bbc0b1a10dec6a35e8a7bb12148f97382d31ec9a72801a9734eae70aae800557,private_swap,bulletproofs-5.0.0-ristretto,range32-aggregate,"{""range_bits"":32}",invalid_reject,2,1,wrong_public_input,true,3,1.914708,0.048713,1.895873,1.962611,1.878225,1.970026,,,,,,,,not-applicable,,,,,,,,,,,,,,,,,,measured,specialized Bulletproofs range baseline; validate bundle before paper reporting,measurement,true
C4-BULLETPROOFS-SPECIALIZED,bulletproofs-range-pilot-v1,47bfac70c1d6594282e7d744ebd8fa5bb594e5d3,bbc0b1a10dec6a35e8a7bb12148f97382d31ec9a72801a9734eae70aae800557,private_swap,bulletproofs-5.0.0-ristretto,range32-aggregate,"{""range_bits"":32}",invalid_reject,2,2,wrong_public_input,true,3,1.700100,0.008466,1.698420,1.708194,1.692600,1.709280,,,,,,,,not-applicable,,,,,,,,,,,,,,,,,,measured,specialized Bulletproofs range baseline; validate bundle before paper reporting,measurement,true
C4-BULLETPROOFS-SPECIALIZED,bulletproofs-range-pilot-v1,47bfac70c1d6594282e7d744ebd8fa5bb594e5d3,bbc0b1a10dec6a35e8a7bb12148f97382d31ec9a72801a9734eae70aae800557,private_swap,bulletproofs-5.0.0-ristretto,range32-aggregate,"{""range_bits"":32}",invalid_reject,2,4,wrong_public_input,true,3,1.828786,0.175706,1.755597,2.001890,1.701506,2.029256,,,,,,,,not-applicable,,,,,,,,,,,,,,,,,,measured,specialized Bulletproofs range baseline; validate bundle before paper reporting,measurement,true
C4-BULLETPROOFS-SPECIALIZED,bulletproofs-range-pilot-v1,47bfac70c1d6594282e7d744ebd8fa5bb594e5d3,bbc0b1a10dec6a35e8a7bb12148f97382d31ec9a72801a9734eae70aae800557,private_swap,bulletproofs-5.0.0-ristretto,range32-aggregate,"{""range_bits"":32}",invalid_reject,4,1,wrong_public_input,true,3,3.005789,0.473028,2.869485,3.465751,2.615878,3.532003,,,,,,,,not-applicable,,,,,,,,,,,,,,,,,,measured,specialized Bulletproofs range baseline; validate bundle before paper reporting,measurement,true
C4-BULLETPROOFS-SPECIALIZED,bulletproofs-range-pilot-v1,47bfac70c1d6594282e7d744ebd8fa5bb594e5d3,bbc0b1a10dec6a35e8a7bb12148f97382d31ec9a72801a9734eae70aae800557,private_swap,bulletproofs-5.0.0-ristretto,range32-aggregate,"{""range_bits"":32}",invalid_reject,4,2,wrong_public_input,true,3,2.978832,0.061165,2.965769,3.037503,2.925253,3.045473,,,,,,,,not-applicable,,,,,,,,,,,,,,,,,,measured,specialized Bulletproofs range baseline; validate bundle before paper reporting,measurement,true
C4-BULLETPROOFS-SPECIALIZED,bulletproofs-range-pilot-v1,47bfac70c1d6594282e7d744ebd8fa5bb594e5d3,bbc0b1a10dec6a35e8a7bb12148f97382d31ec9a72801a9734eae70aae800557,private_swap,bulletproofs-5.0.0-ristretto,range32-aggregate,"{""range_bits"":32}",invalid_reject,4,4,wrong_public_input,true,3,2.877371,0.260413,2.757441,3.134270,2.698531,3.176140,,,,,,,,not-applicable,,,,,,,,,,,,,,,,,,measured,specialized Bulletproofs range baseline; validate bundle before paper reporting,measurement,true
C4-BULLETPROOFS-SPECIALIZED,bulletproofs-range-pilot-v1,47bfac70c1d6594282e7d744ebd8fa5bb594e5d3,bbc0b1a10dec6a35e8a7bb12148f97382d31ec9a72801a9734eae70aae800557,private_swap,bulletproofs-5.0.0-ristretto,range32-aggregate,"{""range_bits"":32}",invalid_reject,8,1,wrong_public_input,true,3,4.985302,0.457569,4.741239,5.435967,4.701509,5.513159,,,,,,,,not-applicable,,,,,,,,,,,,,,,,,,measured,specialized Bulletproofs range baseline; validate bundle before paper reporting,measurement,true
C4-BULLETPROOFS-SPECIALIZED,bulletproofs-range-pilot-v1,47bfac70c1d6594282e7d744ebd8fa5bb594e5d3,bbc0b1a10dec6a35e8a7bb12148f97382d31ec9a72801a9734eae70aae800557,private_swap,bulletproofs-5.0.0-ristretto,range32-aggregate,"{""range_bits"":32}",invalid_reject,8,2,wrong_public_input,true,3,5.065498,0.277154,4.923352,5.338733,4.888256,5.384886,,,,,,,,not-applicable,,,,,,,,,,,,,,,,,,measured,specialized Bulletproofs range baseline; validate bundle before paper reporting,measurement,true
C4-BULLETPROOFS-SPECIALIZED,bulletproofs-range-pilot-v1,47bfac70c1d6594282e7d744ebd8fa5bb594e5d3,bbc0b1a10dec6a35e8a7bb12148f97382d31ec9a72801a9734eae70aae800557,private_swap,bulletproofs-5.0.0-ristretto,range32-aggregate,"{""range_bits"":32}",invalid_reject,8,4,wrong_public_input,true,3,5.009955,0.355107,5.111798,5.283892,4.615053,5.303013,,,,,,,,not-applicable,,,,,,,,,,,,,,,,,,measured,specialized Bulletproofs range baseline; validate bundle before paper reporting,measurement,true
C4-BULLETPROOFS-SPECIALIZED,bulletproofs-range-pilot-v1,47bfac70c1d6594282e7d744ebd8fa5bb594e5d3,bbc0b1a10dec6a35e8a7bb12148f97382d31ec9a72801a9734eae70aae800557,private_swap,bulletproofs-5.0.0-ristretto,range32-aggregate,"{""range_bits"":32}",key_load,2,1,,false,,,,,,,,,,,,,,,not-applicable,,,the range-proof API has no serialized proving or verification key,,,,,,,,,,,,,,,measured,specialized Bulletproofs range baseline; validate bundle before paper reporting,measurement,true
C4-BULLETPROOFS-SPECIALIZED,bulletproofs-range-pilot-v1,47bfac70c1d6594282e7d744ebd8fa5bb594e5d3,bbc0b1a10dec6a35e8a7bb12148f97382d31ec9a72801a9734eae70aae800557,private_swap,bulletproofs-5.0.0-ristretto,range32-aggregate,"{""range_bits"":32}",key_load,2,1,wrong_public_input,false,,,,,,,,,,,,,,,not-applicable,,,the range-proof API has no serialized proving or verification key,,,,,,,,,,,,,,,measured,specialized Bulletproofs range baseline; validate bundle before paper reporting,measurement,true
C4-BULLETPROOFS-SPECIALIZED,bulletproofs-range-pilot-v1,47bfac70c1d6594282e7d744ebd8fa5bb594e5d3,bbc0b1a10dec6a35e8a7bb12148f97382d31ec9a72801a9734eae70aae800557,private_swap,bulletproofs-5.0.0-ristretto,range32-aggregate,"{""range_bits"":32}",key_load,2,2,,false,,,,,,,,,,,,,,,not-applicable,,,the range-proof API has no serialized proving or verification key,,,,,,,,,,,,,,,measured,specialized Bulletproofs range baseline; validate bundle before paper reporting,measurement,true
C4-BULLETPROOFS-SPECIALIZED,bulletproofs-range-pilot-v1,47bfac70c1d6594282e7d744ebd8fa5bb594e5d3,bbc0b1a10dec6a35e8a7bb12148f97382d31ec9a72801a9734eae70aae800557,private_swap,bulletproofs-5.0.0-ristretto,range32-aggregate,"{""range_bits"":32}",key_load,2,2,wrong_public_input,false,,,,,,,,,,,,,,,not-applicable,,,the range-proof API has no serialized proving or verification key,,,,,,,,,,,,,,,measured,specialized Bulletproofs range baseline; validate bundle before paper reporting,measurement,true
C4-BULLETPROOFS-SPECIALIZED,bulletproofs-range-pilot-v1,47bfac70c1d6594282e7d744ebd8fa5bb594e5d3,bbc0b1a10dec6a35e8a7bb12148f97382d31ec9a72801a9734eae70aae800557,private_swap,bulletproofs-5.0.0-ristretto,range32-aggregate,"{""range_bits"":32}",key_load,2,4,,false,,,,,,,,,,,,,,,not-applicable,,,the range-proof API has no serialized proving or verification key,,,,,,,,,,,,,,,measured,specialized Bulletproofs range baseline; validate bundle before paper reporting,measurement,true
C4-BULLETPROOFS-SPECIALIZED,bulletproofs-range-pilot-v1,47bfac70c1d6594282e7d744ebd8fa5bb594e5d3,bbc0b1a10dec6a35e8a7bb12148f97382d31ec9a72801a9734eae70aae800557,private_swap,bulletproofs-5.0.0-ristretto,range32-aggregate,"{""range_bits"":32}",key_load,2,4,wrong_public_input,false,,,,,,,,,,,,,,,not-applicable,,,the range-proof API has no serialized proving or verification key,,,,,,,,,,,,,,,measured,specialized Bulletproofs range baseline; validate bundle before paper reporting,measurement,true
C4-BULLETPROOFS-SPECIALIZED,bulletproofs-range-pilot-v1,47bfac70c1d6594282e7d744ebd8fa5bb594e5d3,bbc0b1a10dec6a35e8a7bb12148f97382d31ec9a72801a9734eae70aae800557,private_swap,bulletproofs-5.0.0-ristretto,range32-aggregate,"{""range_bits"":32}",key_load,4,1,,false,,,,,,,,,,,,,,,not-applicable,,,the range-proof API has no serialized proving or verification key,,,,,,,,,,,,,,,measured,specialized Bulletproofs range baseline; validate bundle before paper reporting,measurement,true
C4-BULLETPROOFS-SPECIALIZED,bulletproofs-range-pilot-v1,47bfac70c1d6594282e7d744ebd8fa5bb594e5d3,bbc0b1a10dec6a35e8a7bb12148f97382d31ec9a72801a9734eae70aae800557,private_swap,bulletproofs-5.0.0-ristretto,range32-aggregate,"{""range_bits"":32}",key_load,4,1,wrong_public_input,false,,,,,,,,,,,,,,,not-applicable,,,the range-proof API has no serialized proving or verification key,,,,,,,,,,,,,,,measured,specialized Bulletproofs range baseline; validate bundle before paper reporting,measurement,true
C4-BULLETPROOFS-SPECIALIZED,bulletproofs-range-pilot-v1,47bfac70c1d6594282e7d744ebd8fa5bb594e5d3,bbc0b1a10dec6a35e8a7bb12148f97382d31ec9a72801a9734eae70aae800557,private_swap,bulletproofs-5.0.0-ristretto,range32-aggregate,"{""range_bits"":32}",key_load,4,2,,false,,,,,,,,,,,,,,,not-applicable,,,the range-proof API has no serialized proving or verification key,,,,,,,,,,,,,,,measured,specialized Bulletproofs range baseline; validate bundle before paper reporting,measurement,true
C4-BULLETPROOFS-SPECIALIZED,bulletproofs-range-pilot-v1,47bfac70c1d6594282e7d744ebd8fa5bb594e5d3,bbc0b1a10dec6a35e8a7bb12148f97382d31ec9a72801a9734eae70aae800557,private_swap,bulletproofs-5.0.0-ristretto,range32-aggregate,"{""range_bits"":32}",key_load,4,2,wrong_public_input,false,,,,,,,,,,,,,,,not-applicable,,,the range-proof API has no serialized proving or verification key,,,,,,,,,,,,,,,measured,specialized Bulletproofs range baseline; validate bundle before paper reporting,measurement,true
C4-BULLETPROOFS-SPECIALIZED,bulletproofs-range-pilot-v1,47bfac70c1d6594282e7d744ebd8fa5bb594e5d3,bbc0b1a10dec6a35e8a7bb12148f97382d31ec9a72801a9734eae70aae800557,private_swap,bulletproofs-5.0.0-ristretto,range32-aggregate,"{""range_bits"":32}",key_load,4,4,,false,,,,,,,,,,,,,,,not-applicable,,,the range-proof API has no serialized proving or verification key,,,,,,,,,,,,,,,measured,specialized Bulletproofs range baseline; validate bundle before paper reporting,measurement,true
C4-BULLETPROOFS-SPECIALIZED,bulletproofs-range-pilot-v1,47bfac70c1d6594282e7d744ebd8fa5bb594e5d3,bbc0b1a10dec6a35e8a7bb12148f97382d31ec9a72801a9734eae70aae800557,private_swap,bulletproofs-5.0.0-ristretto,range32-aggregate,"{""range_bits"":32}",key_load,4,4,wrong_public_input,false,,,,,,,,,,,,,,,not-applicable,,,the range-proof API has no serialized proving or verification key,,,,,,,,,,,,,,,measured,specialized Bulletproofs range baseline; validate bundle before paper reporting,measurement,true
C4-BULLETPROOFS-SPECIALIZED,bulletproofs-range-pilot-v1,47bfac70c1d6594282e7d744ebd8fa5bb594e5d3,bbc0b1a10dec6a35e8a7bb12148f97382d31ec9a72801a9734eae70aae800557,private_swap,bulletproofs-5.0.0-ristretto,range32-aggregate,"{""range_bits"":32}",key_load,8,1,,false,,,,,,,,,,,,,,,not-applicable,,,the range-proof API has no serialized proving or verification key,,,,,,,,,,,,,,,measured,specialized Bulletproofs range baseline; validate bundle before paper reporting,measurement,true
C4-BULLETPROOFS-SPECIALIZED,bulletproofs-range-pilot-v1,47bfac70c1d6594282e7d744ebd8fa5bb594e5d3,bbc0b1a10dec6a35e8a7bb12148f97382d31ec9a72801a9734eae70aae800557,private_swap,bulletproofs-5.0.0-ristretto,range32-aggregate,"{""range_bits"":32}",key_load,8,1,wrong_public_input,false,,,,,,,,,,,,,,,not-applicable,,,the range-proof API has no serialized proving or verification key,,,,,,,,,,,,,,,measured,specialized Bulletproofs range baseline; validate bundle before paper reporting,measurement,true
C4-BULLETPROOFS-SPECIALIZED,bulletproofs-range-pilot-v1,47bfac70c1d6594282e7d744ebd8fa5bb594e5d3,bbc0b1a10dec6a35e8a7bb12148f97382d31ec9a72801a9734eae70aae800557,private_swap,bulletproofs-5.0.0-ristretto,range32-aggregate,"{""range_bits"":32}",key_load,8,2,,false,,,,,,,,,,,,,,,not-applicable,,,the range-proof API has no serialized proving or verification key,,,,,,,,,,,,,,,measured,specialized Bulletproofs range baseline; validate bundle before paper reporting,measurement,true
C4-BULLETPROOFS-SPECIALIZED,bulletproofs-range-pilot-v1,47bfac70c1d6594282e7d744ebd8fa5bb594e5d3,bbc0b1a10dec6a35e8a7bb12148f97382d31ec9a72801a9734eae70aae800557,private_swap,bulletproofs-5.0.0-ristretto,range32-aggregate,"{""range_bits"":32}",key_load,8,2,wrong_public_input,false,,,,,,,,,,,,,,,not-applicable,,,the range-proof API has no serialized proving or verification key,,,,,,,,,,,,,,,measured,specialized Bulletproofs range baseline; validate bundle before paper reporting,measurement,true
C4-BULLETPROOFS-SPECIALIZED,bulletproofs-range-pilot-v1,47bfac70c1d6594282e7d744ebd8fa5bb594e5d3,bbc0b1a10dec6a35e8a7bb12148f97382d31ec9a72801a9734eae70aae800557,private_swap,bulletproofs-5.0.0-ristretto,range32-aggregate,"{""range_bits"":32}",key_load,8,4,,false,,,,,,,,,,,,,,,not-applicable,,,the range-proof API has no serialized proving or verification key,,,,,,,,,,,,,,,measured,specialized Bulletproofs range baseline; validate bundle before paper reporting,measurement,true
C4-BULLETPROOFS-SPECIALIZED,bulletproofs-range-pilot-v1,47bfac70c1d6594282e7d744ebd8fa5bb594e5d3,bbc0b1a10dec6a35e8a7bb12148f97382d31ec9a72801a9734eae70aae800557,private_swap,bulletproofs-5.0.0-ristretto,range32-aggregate,"{""range_bits"":32}",key_load,8,4,wrong_public_input,false,,,,,,,,,,,,,,,not-applicable,,,the range-proof API has no serialized proving or verification key,,,,,,,,,,,,,,,measured,specialized Bulletproofs range baseline; validate bundle before paper reporting,measurement,true
C4-BULLETPROOFS-SPECIALIZED,bulletproofs-range-pilot-v1,47bfac70c1d6594282e7d744ebd8fa5bb594e5d3,bbc0b1a10dec6a35e8a7bb12148f97382d31ec9a72801a9734eae70aae800557,private_swap,bulletproofs-5.0.0-ristretto,range32-aggregate,"{""range_bits"":32}",native_execution,2,1,,true,3,0.184172,0.003924,0.182079,0.188036,0.181738,0.188698,,,,,,,,not-applicable,,,,,,,,,,,,,,,,,,measured,specialized Bulletproofs range baseline; validate bundle before paper reporting,measurement,true
C4-BULLETPROOFS-SPECIALIZED,bulletproofs-range-pilot-v1,47bfac70c1d6594282e7d744ebd8fa5bb594e5d3,bbc0b1a10dec6a35e8a7bb12148f97382d31ec9a72801a9734eae70aae800557,private_swap,bulletproofs-5.0.0-ristretto,range32-aggregate,"{""range_bits"":32}",native_execution,2,1,wrong_public_input,true,3,0.174622,0.007406,0.177851,0.179664,0.166149,0.179865,,,,,,,,not-applicable,,,,,,,,,,,,,,,,,,measured,specialized Bulletproofs range baseline; validate bundle before paper reporting,measurement,true
C4-BULLETPROOFS-SPECIALIZED,bulletproofs-range-pilot-v1,47bfac70c1d6594282e7d744ebd8fa5bb594e5d3,bbc0b1a10dec6a35e8a7bb12148f97382d31ec9a72801a9734eae70aae800557,private_swap,bulletproofs-5.0.0-ristretto,range32-aggregate,"{""range_bits"":32}",native_execution,2,2,,true,3,0.190865,0.022749,0.192458,0.210744,0.167361,0.212776,,,,,,,,not-applicable,,,,,,,,,,,,,,,,,,measured,specialized Bulletproofs range baseline; validate bundle before paper reporting,measurement,true
C4-BULLETPROOFS-SPECIALIZED,bulletproofs-range-pilot-v1,47bfac70c1d6594282e7d744ebd8fa5bb594e5d3,bbc0b1a10dec6a35e8a7bb12148f97382d31ec9a72801a9734eae70aae800557,private_swap,bulletproofs-5.0.0-ristretto,range32-aggregate,"{""range_bits"":32}",native_execution,2,2,wrong_public_input,true,3,0.179840,0.022878,0.182089,0.199568,0.155920,0.201510,,,,,,,,not-applicable,,,,,,,,,,,,,,,,,,measured,specialized Bulletproofs range baseline; validate bundle before paper reporting,measurement,true
C4-BULLETPROOFS-SPECIALIZED,bulletproofs-range-pilot-v1,47bfac70c1d6594282e7d744ebd8fa5bb594e5d3,bbc0b1a10dec6a35e8a7bb12148f97382d31ec9a72801a9734eae70aae800557,private_swap,bulletproofs-5.0.0-ristretto,range32-aggregate,"{""range_bits"":32}",native_execution,2,4,,true,3,0.188491,0.012455,0.189585,0.199285,0.175526,0.200363,,,,,,,,not-applicable,,,,,,,,,,,,,,,,,,measured,specialized Bulletproofs range baseline; validate bundle before paper reporting,measurement,true
C4-BULLETPROOFS-SPECIALIZED,bulletproofs-range-pilot-v1,47bfac70c1d6594282e7d744ebd8fa5bb594e5d3,bbc0b1a10dec6a35e8a7bb12148f97382d31ec9a72801a9734eae70aae800557,private_swap,bulletproofs-5.0.0-ristretto,range32-aggregate,"{""range_bits"":32}",native_execution,2,4,wrong_public_input,true,3,0.197629,0.015117,0.190064,0.212538,0.187789,0.215035,,,,,,,,not-applicable,,,,,,,,,,,,,,,,,,measured,specialized Bulletproofs range baseline; validate bundle before paper reporting,measurement,true
C4-BULLETPROOFS-SPECIALIZED,bulletproofs-range-pilot-v1,47bfac70c1d6594282e7d744ebd8fa5bb594e5d3,bbc0b1a10dec6a35e8a7bb12148f97382d31ec9a72801a9734eae70aae800557,private_swap,bulletproofs-5.0.0-ristretto,range32-aggregate,"{""range_bits"":32}",native_execution,4,1,,true,3,0.264145,0.052768,0.261246,0.312596,0.212886,0.318302,,,,,,,,not-applicable,,,,,,,,,,,,,,,,,,measured,specialized Bulletproofs range baseline; validate bundle before paper reporting,measurement,true
C4-BULLETPROOFS-SPECIALIZED,bulletproofs-range-pilot-v1,47bfac70c1d6594282e7d744ebd8fa5bb594e5d3,bbc0b1a10dec6a35e8a7bb12148f97382d31ec9a72801a9734eae70aae800557,private_swap,bulletproofs-5.0.0-ristretto,range32-aggregate,"{""range_bits"":32}",native_execution,4,1,wrong_public_input,true,3,0.186171,0.013782,0.179273,0.199763,0.177200,0.202040,,,,,,,,not-applicable,,,,,,,,,,,,,,,,,,measured,specialized Bulletproofs range baseline; validate bundle before paper reporting,measurement,true
C4-BULLETPROOFS-SPECIALIZED,bulletproofs-range-pilot-v1,47bfac70c1d6594282e7d744ebd8fa5bb594e5d3,bbc0b1a10dec6a35e8a7bb12148f97382d31ec9a72801a9734eae70aae800557,private_swap,bulletproofs-5.0.0-ristretto,range32-aggregate,"{""range_bits"":32}",native_execution,4,2,,true,3,0.273462,0.066544,0.265454,0.335828,0.211284,0.343647,,,,,,,,not-applicable,,,,,,,,,,,,,,,,,,measured,specialized Bulletproofs range baseline; validate bundle before paper reporting,measurement,true
C4-BULLETPROOFS-SPECIALIZED,bulletproofs-range-pilot-v1,47bfac70c1d6594282e7d744ebd8fa5bb594e5d3,bbc0b1a10dec6a35e8a7bb12148f97382d31ec9a72801a9734eae70aae800557,private_swap,bulletproofs-5.0.0-ristretto,range32-aggregate,"{""range_bits"":32}",native_execution,4,2,wrong_public_input,true,3,0.195853,0.005515,0.197849,0.199868,0.189618,0.200092,,,,,,,,not-applicable,,,,,,,,,,,,,,,,,,measured,specialized Bulletproofs range baseline; validate bundle before paper reporting,measurement,true
C4-BULLETPROOFS-SPECIALIZED,bulletproofs-range-pilot-v1,47bfac70c1d6594282e7d744ebd8fa5bb594e5d3,bbc0b1a10dec6a35e8a7bb12148f97382d31ec9a72801a9734eae70aae800557,private_swap,bulletproofs-5.0.0-ristretto,range32-aggregate,"{""range_bits"":32}",native_execution,4,4,,true,3,0.183585,0.014218,0.183792,0.196307,0.169265,0.197698,,,,,,,,not-applicable,,,,,,,,,,,,,,,,,,measured,specialized Bulletproofs range baseline; validate bundle before paper reporting,measurement,true
C4-BULLETPROOFS-SPECIALIZED,bulletproofs-range-pilot-v1,47bfac70c1d6594282e7d744ebd8fa5bb594e5d3,bbc0b1a10dec6a35e8a7bb12148f97382d31ec9a72801a9734eae70aae800557,private_swap,bulletproofs-5.0.0-ristretto,range32-aggregate,"{""range_bits"":32}",native_execution,4,4,wrong_public_input,true,3,0.199007,0.032941,0.183401,0.231505,0.176769,0.236850,,,,,,,,not-applicable,,,,,,,,,,,,,,,,,,measured,specialized Bulletproofs range baseline; validate bundle before paper reporting,measurement,true
C4-BULLETPROOFS-SPECIALIZED,bulletproofs-range-pilot-v1,47bfac70c1d6594282e7d744ebd8fa5bb594e5d3,bbc0b1a10dec6a35e8a7bb12148f97382d31ec9a72801a9734eae70aae800557,private_swap,bulletproofs-5.0.0-ristretto,range32-aggregate,"{""range_bits"":32}",native_execution,8,1,,true,3,0.202533,0.023657,0.204876,0.222925,0.177791,0.224931,,,,,,,,not-applicable,,,,,,,,,,,,,,,,,,measured,specialized Bulletproofs range baseline; validate bundle before paper reporting,measurement,true
C4-BULLETPROOFS-SPECIALIZED,bulletproofs-range-pilot-v1,47bfac70c1d6594282e7d744ebd8fa5bb594e5d3,bbc0b1a10dec6a35e8a7bb12148f97382d31ec9a72801a9734eae70aae800557,private_swap,bulletproofs-5.0.0-ristretto,range32-aggregate,"{""range_bits"":32}",native_execution,8,1,wrong_public_input,true,3,0.186372,0.012462,0.179720,0.198645,0.178647,0.200748,,,,,,,,not-applicable,,,,,,,,,,,,,,,,,,measured,specialized Bulletproofs range baseline; validate bundle before paper reporting,measurement,true
C4-BULLETPROOFS-SPECIALIZED,bulletproofs-range-pilot-v1,47bfac70c1d6594282e7d744ebd8fa5bb594e5d3,bbc0b1a10dec6a35e8a7bb12148f97382d31ec9a72801a9734eae70aae800557,private_swap,bulletproofs-5.0.0-ristretto,range32-aggregate,"{""range_bits"":32}",native_execution,8,2,,true,3,0.204070,0.027960,0.190244,0.231648,0.185716,0.236249,,,,,,,,not-applicable,,,,,,,,,,,,,,,,,,measured,specialized Bulletproofs range baseline; validate bundle before paper reporting,measurement,true
C4-BULLETPROOFS-SPECIALIZED,bulletproofs-range-pilot-v1,47bfac70c1d6594282e7d744ebd8fa5bb594e5d3,bbc0b1a10dec6a35e8a7bb12148f97382d31ec9a72801a9734eae70aae800557,private_swap,bulletproofs-5.0.0-ristretto,range32-aggregate,"{""range_bits"":32}",native_execution,8,2,wrong_public_input,true,3,0.204245,0.029608,0.189282,0.233441,0.185104,0.238348,,,,,,,,not-applicable,,,,,,,,,,,,,,,,,,measured,specialized Bulletproofs range baseline; validate bundle before paper reporting,measurement,true
C4-BULLETPROOFS-SPECIALIZED,bulletproofs-range-pilot-v1,47bfac70c1d6594282e7d744ebd8fa5bb594e5d3,bbc0b1a10dec6a35e8a7bb12148f97382d31ec9a72801a9734eae70aae800557,private_swap,bulletproofs-5.0.0-ristretto,range32-aggregate,"{""range_bits"":32}",native_execution,8,4,,true,3,0.185468,0.023177,0.175486,0.208316,0.168954,0.211964,,,,,,,,not-applicable,,,,,,,,,,,,,,,,,,measured,specialized Bulletproofs range baseline; validate bundle before paper reporting,measurement,true
C4-BULLETPROOFS-SPECIALIZED,bulletproofs-range-pilot-v1,47bfac70c1d6594282e7d744ebd8fa5bb594e5d3,bbc0b1a10dec6a35e8a7bb12148f97382d31ec9a72801a9734eae70aae800557,private_swap,bulletproofs-5.0.0-ristretto,range32-aggregate,"{""range_bits"":32}",native_execution,8,4,wrong_public_input,true,3,0.206673,0.018578,0.210521,0.221775,0.186472,0.223026,,,,,,,,not-applicable,,,,,,,,,,,,,,,,,,measured,specialized Bulletproofs range baseline; validate bundle before paper reporting,measurement,true
C4-BULLETPROOFS-SPECIALIZED,bulletproofs-range-pilot-v1,47bfac70c1d6594282e7d744ebd8fa5bb594e5d3,bbc0b1a10dec6a35e8a7bb12148f97382d31ec9a72801a9734eae70aae800557,private_swap,bulletproofs-5.0.0-ristretto,range32-aggregate,"{""range_bits"":32}",prove_total,2,1,,true,3,14.079153,0.267748,14.154049,14.286735,13.781932,14.301478,,,,,,,,not-applicable,,,,,,,,141.302323,77.735758,,,2,7.491947,0.929716,0.876745,0.958590,0.999508,measured,specialized Bulletproofs range baseline; validate bundle before paper reporting,measurement,true
C4-BULLETPROOFS-SPECIALIZED,bulletproofs-range-pilot-v1,47bfac70c1d6594282e7d744ebd8fa5bb594e5d3,bbc0b1a10dec6a35e8a7bb12148f97382d31ec9a72801a9734eae70aae800557,private_swap,bulletproofs-5.0.0-ristretto,range32-aggregate,"{""range_bits"":32}",prove_total,2,1,wrong_public_input,true,3,14.147973,0.276543,14.252449,14.346597,13.834412,14.357058,,,,,,,,not-applicable,,,,,,,,,,,,,,,,,,measured,specialized Bulletproofs range baseline; validate bundle before paper reporting,measurement,true
C4-BULLETPROOFS-SPECIALIZED,bulletproofs-range-pilot-v1,47bfac70c1d6594282e7d744ebd8fa5bb594e5d3,bbc0b1a10dec6a35e8a7bb12148f97382d31ec9a72801a9734eae70aae800557,private_swap,bulletproofs-5.0.0-ristretto,range32-aggregate,"{""range_bits"":32}",prove_total,2,2,,true,3,13.553371,0.390737,13.777218,13.780355,13.102191,13.780704,,,,,,,,not-applicable,,,,1.027352,1.000089,1.091533,0.513676,145.167188,71.585582,,,2,7.189498,0.950272,0.900265,1.001506,0.999526,measured,specialized Bulletproofs range baseline; validate bundle before paper reporting,measurement,true
C4-BULLETPROOFS-SPECIALIZED,bulletproofs-range-pilot-v1,47bfac70c1d6594282e7d744ebd8fa5bb594e5d3,bbc0b1a10dec6a35e8a7bb12148f97382d31ec9a72801a9734eae70aae800557,private_swap,bulletproofs-5.0.0-ristretto,range32-aggregate,"{""range_bits"":32}",prove_total,2,2,wrong_public_input,true,3,13.808191,0.552874,13.688167,14.338913,13.325188,14.411218,,,,,,,,not-applicable,,,,,,,,,,,,,,,,,,measured,specialized Bulletproofs range baseline; validate bundle before paper reporting,measurement,true
C4-BULLETPROOFS-SPECIALIZED,bulletproofs-range-pilot-v1,47bfac70c1d6594282e7d744ebd8fa5bb594e5d3,bbc0b1a10dec6a35e8a7bb12148f97382d31ec9a72801a9734eae70aae800557,private_swap,bulletproofs-5.0.0-ristretto,range32-aggregate,"{""range_bits"":32}",prove_total,2,4,,true,3,13.619876,0.237211,13.594360,13.841368,13.396454,13.868813,,,,,,,,not-applicable,,,,1.041171,0.993736,1.067557,0.260293,147.119835,71.705884,,,2,6.948518,0.964959,0.907232,0.976597,0.999966,measured,specialized Bulletproofs range baseline; validate bundle before paper reporting,measurement,true
C4-BULLETPROOFS-SPECIALIZED,bulletproofs-range-pilot-v1,47bfac70c1d6594282e7d744ebd8fa5bb594e5d3,bbc0b1a10dec6a35e8a7bb12148f97382d31ec9a72801a9734eae70aae800557,private_swap,bulletproofs-5.0.0-ristretto,range32-aggregate,"{""range_bits"":32}",prove_total,2,4,wrong_public_input,true,3,14.959094,0.377154,14.908229,15.314012,14.609954,15.359099,,,,,,,,not-applicable,,,,,,,,,,,,,,,,,,measured,specialized Bulletproofs range baseline; validate bundle before paper reporting,measurement,true
C4-BULLETPROOFS-SPECIALIZED,bulletproofs-range-pilot-v1,47bfac70c1d6594282e7d744ebd8fa5bb594e5d3,bbc0b1a10dec6a35e8a7bb12148f97382d31ec9a72801a9734eae70aae800557,private_swap,bulletproofs-5.0.0-ristretto,range32-aggregate,"{""range_bits"":32}",prove_total,4,1,,true,3,26.885150,1.372979,27.638332,27.708865,25.300417,27.716702,,,,,,,,not-applicable,,,,,,,,144.726534,105.794278,,,2,7.491947,0.929716,0.876745,0.958590,0.999508,measured,specialized Bulletproofs range baseline; validate bundle before paper reporting,measurement,true
C4-BULLETPROOFS-SPECIALIZED,bulletproofs-range-pilot-v1,47bfac70c1d6594282e7d744ebd8fa5bb594e5d3,bbc0b1a10dec6a35e8a7bb12148f97382d31ec9a72801a9734eae70aae800557,private_swap,bulletproofs-5.0.0-ristretto,range32-aggregate,"{""range_bits"":32}",prove_total,4,1,wrong_public_input,true,3,25.750141,0.708626,25.686762,26.408171,25.075333,26.488328,,,,,,,,not-applicable,,,,,,,,,,,,,,,,,,measured,specialized Bulletproofs range baseline; validate bundle before paper reporting,measurement,true
C4-BULLETPROOFS-SPECIALIZED,bulletproofs-range-pilot-v1,47bfac70c1d6594282e7d744ebd8fa5bb594e5d3,bbc0b1a10dec6a35e8a7bb12148f97382d31ec9a72801a9734eae70aae800557,private_swap,bulletproofs-5.0.0-ristretto,range32-aggregate,"{""range_bits"":32}",prove_total,4,2,,true,3,28.362151,2.702740,27.290658,31.021779,26.359447,31.436348,,,,,,,,not-applicable,,,,1.012740,0.804814,1.051490,0.506370,146.570303,102.807485,,,2,7.189498,0.950272,0.900265,1.001506,0.999526,measured,specialized Bulletproofs range baseline; validate bundle before paper reporting,measurement,true
C4-BULLETPROOFS-SPECIALIZED,bulletproofs-range-pilot-v1,47bfac70c1d6594282e7d744ebd8fa5bb594e5d3,bbc0b1a10dec6a35e8a7bb12148f97382d31ec9a72801a9734eae70aae800557,private_swap,bulletproofs-5.0.0-ristretto,range32-aggregate,"{""range_bits"":32}",prove_total,4,2,wrong_public_input,true,3,26.293817,0.938756,26.002396,27.209589,25.535333,27.343722,,,,,,,,not-applicable,,,,,,,,,,,,,,,,,,measured,specialized Bulletproofs range baseline; validate bundle before paper reporting,measurement,true
C4-BULLETPROOFS-SPECIALIZED,bulletproofs-range-pilot-v1,47bfac70c1d6594282e7d744ebd8fa5bb594e5d3,bbc0b1a10dec6a35e8a7bb12148f97382d31ec9a72801a9734eae70aae800557,private_swap,bulletproofs-5.0.0-ristretto,range32-aggregate,"{""range_bits"":32}",prove_total,4,4,,true,3,26.279839,0.145064,26.356338,26.369212,26.112537,26.370642,,,,,,,,not-applicable,,,,1.048641,0.959416,1.061433,0.262160,151.766152,143.403075,,,2,6.948518,0.964959,0.907232,0.976597,0.999966,measured,specialized Bulletproofs range baseline; validate bundle before paper reporting,measurement,true
C4-BULLETPROOFS-SPECIALIZED,bulletproofs-range-pilot-v1,47bfac70c1d6594282e7d744ebd8fa5bb594e5d3,bbc0b1a10dec6a35e8a7bb12148f97382d31ec9a72801a9734eae70aae800557,private_swap,bulletproofs-5.0.0-ristretto,range32-aggregate,"{""range_bits"":32}",prove_total,4,4,wrong_public_input,true,3,25.992065,0.548791,25.820380,26.527594,25.549642,26.606173,,,,,,,,not-applicable,,,,,,,,,,,,,,,,,,measured,specialized Bulletproofs range baseline; validate bundle before paper reporting,measurement,true
C4-BULLETPROOFS-SPECIALIZED,bulletproofs-range-pilot-v1,47bfac70c1d6594282e7d744ebd8fa5bb594e5d3,bbc0b1a10dec6a35e8a7bb12148f97382d31ec9a72801a9734eae70aae800557,private_swap,bulletproofs-5.0.0-ristretto,range32-aggregate,"{""range_bits"":32}",prove_total,8,1,,true,3,50.544314,2.041788,51.360027,51.982932,48.220770,52.052144,,,,,,,,not-applicable,,,,,,,,155.763158,250.688353,,,2,7.491947,0.929716,0.876745,0.958590,0.999508,measured,specialized Bulletproofs range baseline; validate bundle before paper reporting,measurement,true
C4-BULLETPROOFS-SPECIALIZED,bulletproofs-range-pilot-v1,47bfac70c1d6594282e7d744ebd8fa5bb594e5d3,bbc0b1a10dec6a35e8a7bb12148f97382d31ec9a72801a9734eae70aae800557,private_swap,bulletproofs-5.0.0-ristretto,range32-aggregate,"{""range_bits"":32}",prove_total,8,1,wrong_public_input,true,3,52.184364,1.184018,52.164699,53.256753,51.010301,53.378092,,,,,,,,not-applicable,,,,,,,,,,,,,,,,,,measured,specialized Bulletproofs range baseline; validate bundle before paper reporting,measurement,true
C4-BULLETPROOFS-SPECIALIZED,bulletproofs-range-pilot-v1,47bfac70c1d6594282e7d744ebd8fa5bb594e5d3,bbc0b1a10dec6a35e8a7bb12148f97382d31ec9a72801a9734eae70aae800557,private_swap,bulletproofs-5.0.0-ristretto,range32-aggregate,"{""range_bits"":32}",prove_total,8,2,,true,3,50.653632,2.356668,51.437776,52.410217,48.004853,52.518266,,,,,,,,not-applicable,,,,0.998488,0.918171,1.084310,0.499244,155.527720,270.377915,,,2,7.189498,0.950272,0.900265,1.001506,0.999526,measured,specialized Bulletproofs range baseline; validate bundle before paper reporting,measurement,true
C4-BULLETPROOFS-SPECIALIZED,bulletproofs-range-pilot-v1,47bfac70c1d6594282e7d744ebd8fa5bb594e5d3,bbc0b1a10dec6a35e8a7bb12148f97382d31ec9a72801a9734eae70aae800557,private_swap,bulletproofs-5.0.0-ristretto,range32-aggregate,"{""range_bits"":32}",prove_total,8,2,wrong_public_input,true,3,49.314759,2.039341,48.141808,51.316805,48.132887,51.669582,,,,,,,,not-applicable,,,,,,,,,,,,,,,,,,measured,specialized Bulletproofs range baseline; validate bundle before paper reporting,measurement,true
C4-BULLETPROOFS-SPECIALIZED,bulletproofs-range-pilot-v1,47bfac70c1d6594282e7d744ebd8fa5bb594e5d3,bbc0b1a10dec6a35e8a7bb12148f97382d31ec9a72801a9734eae70aae800557,private_swap,bulletproofs-5.0.0-ristretto,range32-aggregate,"{""range_bits"":32}",prove_total,8,4,,true,3,50.818308,1.765069,51.799048,51.867603,48.780656,51.875220,,,,,,,,not-applicable,,,,0.991525,0.929553,1.067065,0.247881,154.442993,295.174817,,,2,6.948518,0.964959,0.907232,0.976597,0.999966,measured,specialized Bulletproofs range baseline; validate bundle before paper reporting,measurement,true
C4-BULLETPROOFS-SPECIALIZED,bulletproofs-range-pilot-v1,47bfac70c1d6594282e7d744ebd8fa5bb594e5d3,bbc0b1a10dec6a35e8a7bb12148f97382d31ec9a72801a9734eae70aae800557,private_swap,bulletproofs-5.0.0-ristretto,range32-aggregate,"{""range_bits"":32}",prove_total,8,4,wrong_public_input,true,3,50.287821,3.050240,49.200713,53.279490,47.930064,53.732687,,,,,,,,not-applicable,,,,,,,,,,,,,,,,,,measured,specialized Bulletproofs range baseline; validate bundle before paper reporting,measurement,true
C4-BULLETPROOFS-SPECIALIZED,bulletproofs-range-pilot-v1,47bfac70c1d6594282e7d744ebd8fa5bb594e5d3,bbc0b1a10dec6a35e8a7bb12148f97382d31ec9a72801a9734eae70aae800557,private_swap,bulletproofs-5.0.0-ristretto,range32-aggregate,"{""range_bits"":32}",serialize,2,1,,true,3,0.002064,0.000207,0.002034,0.002259,0.001874,0.002284,,,,,,,,not-applicable,,,,,,,,,,,,,,,,,,measured,specialized Bulletproofs range baseline; validate bundle before paper reporting,measurement,true
C4-BULLETPROOFS-SPECIALIZED,bulletproofs-range-pilot-v1,47bfac70c1d6594282e7d744ebd8fa5bb594e5d3,bbc0b1a10dec6a35e8a7bb12148f97382d31ec9a72801a9734eae70aae800557,private_swap,bulletproofs-5.0.0-ristretto,range32-aggregate,"{""range_bits"":32}",serialize,2,1,wrong_public_input,true,3,0.002007,0.000143,0.002074,0.002101,0.001843,0.002104,,,,,,,,not-applicable,,,,,,,,,,,,,,,,,,measured,specialized Bulletproofs range baseline; validate bundle before paper reporting,measurement,true
C4-BULLETPROOFS-SPECIALIZED,bulletproofs-range-pilot-v1,47bfac70c1d6594282e7d744ebd8fa5bb594e5d3,bbc0b1a10dec6a35e8a7bb12148f97382d31ec9a72801a9734eae70aae800557,private_swap,bulletproofs-5.0.0-ristretto,range32-aggregate,"{""range_bits"":32}",serialize,2,2,,true,3,0.002060,0.000213,0.002124,0.002223,0.001823,0.002234,,,,,,,,not-applicable,,,,,,,,,,,,,,,,,,measured,specialized Bulletproofs range baseline; validate bundle before paper reporting,measurement,true
C4-BULLETPROOFS-SPECIALIZED,bulletproofs-range-pilot-v1,47bfac70c1d6594282e7d744ebd8fa5bb594e5d3,bbc0b1a10dec6a35e8a7bb12148f97382d31ec9a72801a9734eae70aae800557,private_swap,bulletproofs-5.0.0-ristretto,range32-aggregate,"{""range_bits"":32}",serialize,2,2,wrong_public_input,true,3,0.001867,0.000074,0.001893,0.001921,0.001783,0.001924,,,,,,,,not-applicable,,,,,,,,,,,,,,,,,,measured,specialized Bulletproofs range baseline; validate bundle before paper reporting,measurement,true
C4-BULLETPROOFS-SPECIALIZED,bulletproofs-range-pilot-v1,47bfac70c1d6594282e7d744ebd8fa5bb594e5d3,bbc0b1a10dec6a35e8a7bb12148f97382d31ec9a72801a9734eae70aae800557,private_swap,bulletproofs-5.0.0-ristretto,range32-aggregate,"{""range_bits"":32}",serialize,2,4,,true,3,0.001911,0.000316,0.001844,0.002214,0.001633,0.002255,,,,,,,,not-applicable,,,,,,,,,,,,,,,,,,measured,specialized Bulletproofs range baseline; validate bundle before paper reporting,measurement,true
C4-BULLETPROOFS-SPECIALIZED,bulletproofs-range-pilot-v1,47bfac70c1d6594282e7d744ebd8fa5bb594e5d3,bbc0b1a10dec6a35e8a7bb12148f97382d31ec9a72801a9734eae70aae800557,private_swap,bulletproofs-5.0.0-ristretto,range32-aggregate,"{""range_bits"":32}",serialize,2,4,wrong_public_input,true,3,0.001740,0.000217,0.001764,0.001926,0.001512,0.001944,,,,,,,,not-applicable,,,,,,,,,,,,,,,,,,measured,specialized Bulletproofs range baseline; validate bundle before paper reporting,measurement,true
C4-BULLETPROOFS-SPECIALIZED,bulletproofs-range-pilot-v1,47bfac70c1d6594282e7d744ebd8fa5bb594e5d3,bbc0b1a10dec6a35e8a7bb12148f97382d31ec9a72801a9734eae70aae800557,private_swap,bulletproofs-5.0.0-ristretto,range32-aggregate,"{""range_bits"":32}",serialize,4,1,,true,3,0.002508,0.000113,0.002534,0.002598,0.002384,0.002605,,,,,,,,not-applicable,,,,,,,,,,,,,,,,,,measured,specialized Bulletproofs range baseline; validate bundle before paper reporting,measurement,true
C4-BULLETPROOFS-SPECIALIZED,bulletproofs-range-pilot-v1,47bfac70c1d6594282e7d744ebd8fa5bb594e5d3,bbc0b1a10dec6a35e8a7bb12148f97382d31ec9a72801a9734eae70aae800557,private_swap,bulletproofs-5.0.0-ristretto,range32-aggregate,"{""range_bits"":32}",serialize,4,1,wrong_public_input,true,3,0.002117,0.000057,0.002134,0.002161,0.002053,0.002164,,,,,,,,not-applicable,,,,,,,,,,,,,,,,,,measured,specialized Bulletproofs range baseline; validate bundle before paper reporting,measurement,true
C4-BULLETPROOFS-SPECIALIZED,bulletproofs-range-pilot-v1,47bfac70c1d6594282e7d744ebd8fa5bb594e5d3,bbc0b1a10dec6a35e8a7bb12148f97382d31ec9a72801a9734eae70aae800557,private_swap,bulletproofs-5.0.0-ristretto,range32-aggregate,"{""range_bits"":32}",serialize,4,2,,true,3,0.002588,0.000473,0.002715,0.002958,0.002064,0.002985,,,,,,,,not-applicable,,,,,,,,,,,,,,,,,,measured,specialized Bulletproofs range baseline; validate bundle before paper reporting,measurement,true
C4-BULLETPROOFS-SPECIALIZED,bulletproofs-range-pilot-v1,47bfac70c1d6594282e7d744ebd8fa5bb594e5d3,bbc0b1a10dec6a35e8a7bb12148f97382d31ec9a72801a9734eae70aae800557,private_swap,bulletproofs-5.0.0-ristretto,range32-aggregate,"{""range_bits"":32}",serialize,4,2,wrong_public_input,true,3,0.002495,0.000063,0.002515,0.002542,0.002424,0.002545,,,,,,,,not-applicable,,,,,,,,,,,,,,,,,,measured,specialized Bulletproofs range baseline; validate bundle before paper reporting,measurement,true
C4-BULLETPROOFS-SPECIALIZED,bulletproofs-range-pilot-v1,47bfac70c1d6594282e7d744ebd8fa5bb594e5d3,bbc0b1a10dec6a35e8a7bb12148f97382d31ec9a72801a9734eae70aae800557,private_swap,bulletproofs-5.0.0-ristretto,range32-aggregate,"{""range_bits"":32}",serialize,4,4,,true,3,0.002201,0.000090,0.002194,0.002284,0.002114,0.002294,,,,,,,,not-applicable,,,,,,,,,,,,,,,,,,measured,specialized Bulletproofs range baseline; validate bundle before paper reporting,measurement,true
C4-BULLETPROOFS-SPECIALIZED,bulletproofs-range-pilot-v1,47bfac70c1d6594282e7d744ebd8fa5bb594e5d3,bbc0b1a10dec6a35e8a7bb12148f97382d31ec9a72801a9734eae70aae800557,private_swap,bulletproofs-5.0.0-ristretto,range32-aggregate,"{""range_bits"":32}",serialize,4,4,wrong_public_input,true,3,0.002558,0.000468,0.002464,0.003006,0.002144,0.003066,,,,,,,,not-applicable,,,,,,,,,,,,,,,,,,measured,specialized Bulletproofs range baseline; validate bundle before paper reporting,measurement,true
C4-BULLETPROOFS-SPECIALIZED,bulletproofs-range-pilot-v1,47bfac70c1d6594282e7d744ebd8fa5bb594e5d3,bbc0b1a10dec6a35e8a7bb12148f97382d31ec9a72801a9734eae70aae800557,private_swap,bulletproofs-5.0.0-ristretto,range32-aggregate,"{""range_bits"":32}",serialize,8,1,,true,3,0.002231,0.000021,0.002224,0.002251,0.002214,0.002254,,,,,,,,not-applicable,,,,,,,,,,,,,,,,,,measured,specialized Bulletproofs range baseline; validate bundle before paper reporting,measurement,true
C4-BULLETPROOFS-SPECIALIZED,bulletproofs-range-pilot-v1,47bfac70c1d6594282e7d744ebd8fa5bb594e5d3,bbc0b1a10dec6a35e8a7bb12148f97382d31ec9a72801a9734eae70aae800557,private_swap,bulletproofs-5.0.0-ristretto,range32-aggregate,"{""range_bits"":32}",serialize,8,1,wrong_public_input,true,3,0.002264,0.000096,0.002224,0.002359,0.002194,0.002374,,,,,,,,not-applicable,,,,,,,,,,,,,,,,,,measured,specialized Bulletproofs range baseline; validate bundle before paper reporting,measurement,true
C4-BULLETPROOFS-SPECIALIZED,bulletproofs-range-pilot-v1,47bfac70c1d6594282e7d744ebd8fa5bb594e5d3,bbc0b1a10dec6a35e8a7bb12148f97382d31ec9a72801a9734eae70aae800557,private_swap,bulletproofs-5.0.0-ristretto,range32-aggregate,"{""range_bits"":32}",serialize,8,2,,true,3,0.002425,0.000379,0.002575,0.002692,0.001994,0.002705,,,,,,,,not-applicable,,,,,,,,,,,,,,,,,,measured,specialized Bulletproofs range baseline; validate bundle before paper reporting,measurement,true
C4-BULLETPROOFS-SPECIALIZED,bulletproofs-range-pilot-v1,47bfac70c1d6594282e7d744ebd8fa5bb594e5d3,bbc0b1a10dec6a35e8a7bb12148f97382d31ec9a72801a9734eae70aae800557,private_swap,bulletproofs-5.0.0-ristretto,range32-aggregate,"{""range_bits"":32}",serialize,8,2,wrong_public_input,true,3,0.002695,0.000087,0.002735,0.002753,0.002595,0.002755,,,,,,,,not-applicable,,,,,,,,,,,,,,,,,,measured,specialized Bulletproofs range baseline; validate bundle before paper reporting,measurement,true
C4-BULLETPROOFS-SPECIALIZED,bulletproofs-range-pilot-v1,47bfac70c1d6594282e7d744ebd8fa5bb594e5d3,bbc0b1a10dec6a35e8a7bb12148f97382d31ec9a72801a9734eae70aae800557,private_swap,bulletproofs-5.0.0-ristretto,range32-aggregate,"{""range_bits"":32}",serialize,8,4,,true,3,0.002401,0.000353,0.002355,0.002733,0.002074,0.002775,,,,,,,,not-applicable,,,,,,,,,,,,,,,,,,measured,specialized Bulletproofs range baseline; validate bundle before paper reporting,measurement,true
C4-BULLETPROOFS-SPECIALIZED,bulletproofs-range-pilot-v1,47bfac70c1d6594282e7d744ebd8fa5bb594e5d3,bbc0b1a10dec6a35e8a7bb12148f97382d31ec9a72801a9734eae70aae800557,private_swap,bulletproofs-5.0.0-ristretto,range32-aggregate,"{""range_bits"":32}",serialize,8,4,wrong_public_input,true,3,0.002418,0.000379,0.002324,0.002784,0.002094,0.002835,,,,,,,,not-applicable,,,,,,,,,,,,,,,,,,measured,specialized Bulletproofs range baseline; validate bundle before paper reporting,measurement,true
C4-BULLETPROOFS-SPECIALIZED,bulletproofs-range-pilot-v1,47bfac70c1d6594282e7d744ebd8fa5bb594e5d3,bbc0b1a10dec6a35e8a7bb12148f97382d31ec9a72801a9734eae70aae800557,private_swap,bulletproofs-5.0.0-ristretto,range32-aggregate,"{""range_bits"":32}",setup_or_preprocess,2,1,,false,,,,,,,,,,,,,,,not-applicable,,,Bulletproofs range generators are fixed and setup-free,,,,,,,,,,,,,,,measured,specialized Bulletproofs range baseline; validate bundle before paper reporting,measurement,true
C4-BULLETPROOFS-SPECIALIZED,bulletproofs-range-pilot-v1,47bfac70c1d6594282e7d744ebd8fa5bb594e5d3,bbc0b1a10dec6a35e8a7bb12148f97382d31ec9a72801a9734eae70aae800557,private_swap,bulletproofs-5.0.0-ristretto,range32-aggregate,"{""range_bits"":32}",setup_or_preprocess,2,1,wrong_public_input,false,,,,,,,,,,,,,,,not-applicable,,,Bulletproofs range generators are fixed and setup-free,,,,,,,,,,,,,,,measured,specialized Bulletproofs range baseline; validate bundle before paper reporting,measurement,true
C4-BULLETPROOFS-SPECIALIZED,bulletproofs-range-pilot-v1,47bfac70c1d6594282e7d744ebd8fa5bb594e5d3,bbc0b1a10dec6a35e8a7bb12148f97382d31ec9a72801a9734eae70aae800557,private_swap,bulletproofs-5.0.0-ristretto,range32-aggregate,"{""range_bits"":32}",setup_or_preprocess,2,2,,false,,,,,,,,,,,,,,,not-applicable,,,Bulletproofs range generators are fixed and setup-free,,,,,,,,,,,,,,,measured,specialized Bulletproofs range baseline; validate bundle before paper reporting,measurement,true
C4-BULLETPROOFS-SPECIALIZED,bulletproofs-range-pilot-v1,47bfac70c1d6594282e7d744ebd8fa5bb594e5d3,bbc0b1a10dec6a35e8a7bb12148f97382d31ec9a72801a9734eae70aae800557,private_swap,bulletproofs-5.0.0-ristretto,range32-aggregate,"{""range_bits"":32}",setup_or_preprocess,2,2,wrong_public_input,false,,,,,,,,,,,,,,,not-applicable,,,Bulletproofs range generators are fixed and setup-free,,,,,,,,,,,,,,,measured,specialized Bulletproofs range baseline; validate bundle before paper reporting,measurement,true
C4-BULLETPROOFS-SPECIALIZED,bulletproofs-range-pilot-v1,47bfac70c1d6594282e7d744ebd8fa5bb594e5d3,bbc0b1a10dec6a35e8a7bb12148f97382d31ec9a72801a9734eae70aae800557,private_swap,bulletproofs-5.0.0-ristretto,range32-aggregate,"{""range_bits"":32}",setup_or_preprocess,2,4,,false,,,,,,,,,,,,,,,not-applicable,,,Bulletproofs range generators are fixed and setup-free,,,,,,,,,,,,,,,measured,specialized Bulletproofs range baseline; validate bundle before paper reporting,measurement,true
C4-BULLETPROOFS-SPECIALIZED,bulletproofs-range-pilot-v1,47bfac70c1d6594282e7d744ebd8fa5bb594e5d3,bbc0b1a10dec6a35e8a7bb12148f97382d31ec9a72801a9734eae70aae800557,private_swap,bulletproofs-5.0.0-ristretto,range32-aggregate,"{""range_bits"":32}",setup_or_preprocess,2,4,wrong_public_input,false,,,,,,,,,,,,,,,not-applicable,,,Bulletproofs range generators are fixed and setup-free,,,,,,,,,,,,,,,measured,specialized Bulletproofs range baseline; validate bundle before paper reporting,measurement,true
C4-BULLETPROOFS-SPECIALIZED,bulletproofs-range-pilot-v1,47bfac70c1d6594282e7d744ebd8fa5bb594e5d3,bbc0b1a10dec6a35e8a7bb12148f97382d31ec9a72801a9734eae70aae800557,private_swap,bulletproofs-5.0.0-ristretto,range32-aggregate,"{""range_bits"":32}",setup_or_preprocess,4,1,,false,,,,,,,,,,,,,,,not-applicable,,,Bulletproofs range generators are fixed and setup-free,,,,,,,,,,,,,,,measured,specialized Bulletproofs range baseline; validate bundle before paper reporting,measurement,true
C4-BULLETPROOFS-SPECIALIZED,bulletproofs-range-pilot-v1,47bfac70c1d6594282e7d744ebd8fa5bb594e5d3,bbc0b1a10dec6a35e8a7bb12148f97382d31ec9a72801a9734eae70aae800557,private_swap,bulletproofs-5.0.0-ristretto,range32-aggregate,"{""range_bits"":32}",setup_or_preprocess,4,1,wrong_public_input,false,,,,,,,,,,,,,,,not-applicable,,,Bulletproofs range generators are fixed and setup-free,,,,,,,,,,,,,,,measured,specialized Bulletproofs range baseline; validate bundle before paper reporting,measurement,true
C4-BULLETPROOFS-SPECIALIZED,bulletproofs-range-pilot-v1,47bfac70c1d6594282e7d744ebd8fa5bb594e5d3,bbc0b1a10dec6a35e8a7bb12148f97382d31ec9a72801a9734eae70aae800557,private_swap,bulletproofs-5.0.0-ristretto,range32-aggregate,"{""range_bits"":32}",setup_or_preprocess,4,2,,false,,,,,,,,,,,,,,,not-applicable,,,Bulletproofs range generators are fixed and setup-free,,,,,,,,,,,,,,,measured,specialized Bulletproofs range baseline; validate bundle before paper reporting,measurement,true
C4-BULLETPROOFS-SPECIALIZED,bulletproofs-range-pilot-v1,47bfac70c1d6594282e7d744ebd8fa5bb594e5d3,bbc0b1a10dec6a35e8a7bb12148f97382d31ec9a72801a9734eae70aae800557,private_swap,bulletproofs-5.0.0-ristretto,range32-aggregate,"{""range_bits"":32}",setup_or_preprocess,4,2,wrong_public_input,false,,,,,,,,,,,,,,,not-applicable,,,Bulletproofs range generators are fixed and setup-free,,,,,,,,,,,,,,,measured,specialized Bulletproofs range baseline; validate bundle before paper reporting,measurement,true
C4-BULLETPROOFS-SPECIALIZED,bulletproofs-range-pilot-v1,47bfac70c1d6594282e7d744ebd8fa5bb594e5d3,bbc0b1a10dec6a35e8a7bb12148f97382d31ec9a72801a9734eae70aae800557,private_swap,bulletproofs-5.0.0-ristretto,range32-aggregate,"{""range_bits"":32}",setup_or_preprocess,4,4,,false,,,,,,,,,,,,,,,not-applicable,,,Bulletproofs range generators are fixed and setup-free,,,,,,,,,,,,,,,measured,specialized Bulletproofs range baseline; validate bundle before paper reporting,measurement,true
C4-BULLETPROOFS-SPECIALIZED,bulletproofs-range-pilot-v1,47bfac70c1d6594282e7d744ebd8fa5bb594e5d3,bbc0b1a10dec6a35e8a7bb12148f97382d31ec9a72801a9734eae70aae800557,private_swap,bulletproofs-5.0.0-ristretto,range32-aggregate,"{""range_bits"":32}",setup_or_preprocess,4,4,wrong_public_input,false,,,,,,,,,,,,,,,not-applicable,,,Bulletproofs range generators are fixed and setup-free,,,,,,,,,,,,,,,measured,specialized Bulletproofs range baseline; validate bundle before paper reporting,measurement,true
C4-BULLETPROOFS-SPECIALIZED,bulletproofs-range-pilot-v1,47bfac70c1d6594282e7d744ebd8fa5bb594e5d3,bbc0b1a10dec6a35e8a7bb12148f97382d31ec9a72801a9734eae70aae800557,private_swap,bulletproofs-5.0.0-ristretto,range32-aggregate,"{""range_bits"":32}",setup_or_preprocess,8,1,,false,,,,,,,,,,,,,,,not-applicable,,,Bulletproofs range generators are fixed and setup-free,,,,,,,,,,,,,,,measured,specialized Bulletproofs range baseline; validate bundle before paper reporting,measurement,true
C4-BULLETPROOFS-SPECIALIZED,bulletproofs-range-pilot-v1,47bfac70c1d6594282e7d744ebd8fa5bb594e5d3,bbc0b1a10dec6a35e8a7bb12148f97382d31ec9a72801a9734eae70aae800557,private_swap,bulletproofs-5.0.0-ristretto,range32-aggregate,"{""range_bits"":32}",setup_or_preprocess,8,1,wrong_public_input,false,,,,,,,,,,,,,,,not-applicable,,,Bulletproofs range generators are fixed and setup-free,,,,,,,,,,,,,,,measured,specialized Bulletproofs range baseline; validate bundle before paper reporting,measurement,true
C4-BULLETPROOFS-SPECIALIZED,bulletproofs-range-pilot-v1,47bfac70c1d6594282e7d744ebd8fa5bb594e5d3,bbc0b1a10dec6a35e8a7bb12148f97382d31ec9a72801a9734eae70aae800557,private_swap,bulletproofs-5.0.0-ristretto,range32-aggregate,"{""range_bits"":32}",setup_or_preprocess,8,2,,false,,,,,,,,,,,,,,,not-applicable,,,Bulletproofs range generators are fixed and setup-free,,,,,,,,,,,,,,,measured,specialized Bulletproofs range baseline; validate bundle before paper reporting,measurement,true
C4-BULLETPROOFS-SPECIALIZED,bulletproofs-range-pilot-v1,47bfac70c1d6594282e7d744ebd8fa5bb594e5d3,bbc0b1a10dec6a35e8a7bb12148f97382d31ec9a72801a9734eae70aae800557,private_swap,bulletproofs-5.0.0-ristretto,range32-aggregate,"{""range_bits"":32}",setup_or_preprocess,8,2,wrong_public_input,false,,,,,,,,,,,,,,,not-applicable,,,Bulletproofs range generators are fixed and setup-free,,,,,,,,,,,,,,,measured,specialized Bulletproofs range baseline; validate bundle before paper reporting,measurement,true
C4-BULLETPROOFS-SPECIALIZED,bulletproofs-range-pilot-v1,47bfac70c1d6594282e7d744ebd8fa5bb594e5d3,bbc0b1a10dec6a35e8a7bb12148f97382d31ec9a72801a9734eae70aae800557,private_swap,bulletproofs-5.0.0-ristretto,range32-aggregate,"{""range_bits"":32}",setup_or_preprocess,8,4,,false,,,,,,,,,,,,,,,not-applicable,,,Bulletproofs range generators are fixed and setup-free,,,,,,,,,,,,,,,measured,specialized Bulletproofs range baseline; validate bundle before paper reporting,measurement,true
C4-BULLETPROOFS-SPECIALIZED,bulletproofs-range-pilot-v1,47bfac70c1d6594282e7d744ebd8fa5bb594e5d3,bbc0b1a10dec6a35e8a7bb12148f97382d31ec9a72801a9734eae70aae800557,private_swap,bulletproofs-5.0.0-ristretto,range32-aggregate,"{""range_bits"":32}",setup_or_preprocess,8,4,wrong_public_input,false,,,,,,,,,,,,,,,not-applicable,,,Bulletproofs range generators are fixed and setup-free,,,,,,,,,,,,,,,measured,specialized Bulletproofs range baseline; validate bundle before paper reporting,measurement,true
C4-BULLETPROOFS-SPECIALIZED,bulletproofs-range-pilot-v1,47bfac70c1d6594282e7d744ebd8fa5bb594e5d3,bbc0b1a10dec6a35e8a7bb12148f97382d31ec9a72801a9734eae70aae800557,private_swap,bulletproofs-5.0.0-ristretto,range32-aggregate,"{""range_bits"":32}",verify_core,2,1,,true,3,2.175379,0.198663,2.082250,2.371373,2.040388,2.403498,,,,,,,,not-applicable,,,,,,,,,,,,,,,,,,measured,specialized Bulletproofs range baseline; validate bundle before paper reporting,measurement,true
C4-BULLETPROOFS-SPECIALIZED,bulletproofs-range-pilot-v1,47bfac70c1d6594282e7d744ebd8fa5bb594e5d3,bbc0b1a10dec6a35e8a7bb12148f97382d31ec9a72801a9734eae70aae800557,private_swap,bulletproofs-5.0.0-ristretto,range32-aggregate,"{""range_bits"":32}",verify_core,2,1,wrong_public_input,true,3,1.914708,0.048713,1.895873,1.962611,1.878225,1.970026,,,,,,,,not-applicable,,,,,,,,,,,,,,,,,,measured,specialized Bulletproofs range baseline; validate bundle before paper reporting,measurement,true
C4-BULLETPROOFS-SPECIALIZED,bulletproofs-range-pilot-v1,47bfac70c1d6594282e7d744ebd8fa5bb594e5d3,bbc0b1a10dec6a35e8a7bb12148f97382d31ec9a72801a9734eae70aae800557,private_swap,bulletproofs-5.0.0-ristretto,range32-aggregate,"{""range_bits"":32}",verify_core,2,2,,true,3,1.767482,0.124186,1.740138,1.886770,1.659247,1.903062,,,,,,,,not-applicable,,,,,,,,,,,,,,,,,,measured,specialized Bulletproofs range baseline; validate bundle before paper reporting,measurement,true
C4-BULLETPROOFS-SPECIALIZED,bulletproofs-range-pilot-v1,47bfac70c1d6594282e7d744ebd8fa5bb594e5d3,bbc0b1a10dec6a35e8a7bb12148f97382d31ec9a72801a9734eae70aae800557,private_swap,bulletproofs-5.0.0-ristretto,range32-aggregate,"{""range_bits"":32}",verify_core,2,2,wrong_public_input,true,3,1.700100,0.008466,1.698420,1.708194,1.692600,1.709280,,,,,,,,not-applicable,,,,,,,,,,,,,,,,,,measured,specialized Bulletproofs range baseline; validate bundle before paper reporting,measurement,true
C4-BULLETPROOFS-SPECIALIZED,bulletproofs-range-pilot-v1,47bfac70c1d6594282e7d744ebd8fa5bb594e5d3,bbc0b1a10dec6a35e8a7bb12148f97382d31ec9a72801a9734eae70aae800557,private_swap,bulletproofs-5.0.0-ristretto,range32-aggregate,"{""range_bits"":32}",verify_core,2,4,,true,3,1.953361,0.299493,1.903833,2.237460,1.681719,2.274530,,,,,,,,not-applicable,,,,,,,,,,,,,,,,,,measured,specialized Bulletproofs range baseline; validate bundle before paper reporting,measurement,true
C4-BULLETPROOFS-SPECIALIZED,bulletproofs-range-pilot-v1,47bfac70c1d6594282e7d744ebd8fa5bb594e5d3,bbc0b1a10dec6a35e8a7bb12148f97382d31ec9a72801a9734eae70aae800557,private_swap,bulletproofs-5.0.0-ristretto,range32-aggregate,"{""range_bits"":32}",verify_core,2,4,wrong_public_input,true,3,1.828786,0.175706,1.755597,2.001890,1.701506,2.029256,,,,,,,,not-applicable,,,,,,,,,,,,,,,,,,measured,specialized Bulletproofs range baseline; validate bundle before paper reporting,measurement,true
C4-BULLETPROOFS-SPECIALIZED,bulletproofs-range-pilot-v1,47bfac70c1d6594282e7d744ebd8fa5bb594e5d3,bbc0b1a10dec6a35e8a7bb12148f97382d31ec9a72801a9734eae70aae800557,private_swap,bulletproofs-5.0.0-ristretto,range32-aggregate,"{""range_bits"":32}",verify_core,4,1,,true,3,3.064495,0.127120,3.090375,3.168052,2.926426,3.176683,,,,,,,,not-applicable,,,,,,,,,,,,,,,,,,measured,specialized Bulletproofs range baseline; validate bundle before paper reporting,measurement,true
C4-BULLETPROOFS-SPECIALIZED,bulletproofs-range-pilot-v1,47bfac70c1d6594282e7d744ebd8fa5bb594e5d3,bbc0b1a10dec6a35e8a7bb12148f97382d31ec9a72801a9734eae70aae800557,private_swap,bulletproofs-5.0.0-ristretto,range32-aggregate,"{""range_bits"":32}",verify_core,4,1,wrong_public_input,true,3,3.005789,0.473028,2.869485,3.465751,2.615878,3.532003,,,,,,,,not-applicable,,,,,,,,,,,,,,,,,,measured,specialized Bulletproofs range baseline; validate bundle before paper reporting,measurement,true
C4-BULLETPROOFS-SPECIALIZED,bulletproofs-range-pilot-v1,47bfac70c1d6594282e7d744ebd8fa5bb594e5d3,bbc0b1a10dec6a35e8a7bb12148f97382d31ec9a72801a9734eae70aae800557,private_swap,bulletproofs-5.0.0-ristretto,range32-aggregate,"{""range_bits"":32}",verify_core,4,2,,true,3,3.174322,0.252631,3.171607,3.402630,2.923059,3.428299,,,,,,,,not-applicable,,,,,,,,,,,,,,,,,,measured,specialized Bulletproofs range baseline; validate bundle before paper reporting,measurement,true
C4-BULLETPROOFS-SPECIALIZED,bulletproofs-range-pilot-v1,47bfac70c1d6594282e7d744ebd8fa5bb594e5d3,bbc0b1a10dec6a35e8a7bb12148f97382d31ec9a72801a9734eae70aae800557,private_swap,bulletproofs-5.0.0-ristretto,range32-aggregate,"{""range_bits"":32}",verify_core,4,2,wrong_public_input,true,3,2.978832,0.061165,2.965769,3.037503,2.925253,3.045473,,,,,,,,not-applicable,,,,,,,,,,,,,,,,,,measured,specialized Bulletproofs range baseline; validate bundle before paper reporting,measurement,true
C4-BULLETPROOFS-SPECIALIZED,bulletproofs-range-pilot-v1,47bfac70c1d6594282e7d744ebd8fa5bb594e5d3,bbc0b1a10dec6a35e8a7bb12148f97382d31ec9a72801a9734eae70aae800557,private_swap,bulletproofs-5.0.0-ristretto,range32-aggregate,"{""range_bits"":32}",verify_core,4,4,,true,3,2.979177,0.255552,2.971360,3.211828,2.727623,3.238547,,,,,,,,not-applicable,,,,,,,,,,,,,,,,,,measured,specialized Bulletproofs range baseline; validate bundle before paper reporting,measurement,true
C4-BULLETPROOFS-SPECIALIZED,bulletproofs-range-pilot-v1,47bfac70c1d6594282e7d744ebd8fa5bb594e5d3,bbc0b1a10dec6a35e8a7bb12148f97382d31ec9a72801a9734eae70aae800557,private_swap,bulletproofs-5.0.0-ristretto,range32-aggregate,"{""range_bits"":32}",verify_core,4,4,wrong_public_input,true,3,2.877371,0.260413,2.757441,3.134270,2.698531,3.176140,,,,,,,,not-applicable,,,,,,,,,,,,,,,,,,measured,specialized Bulletproofs range baseline; validate bundle before paper reporting,measurement,true
C4-BULLETPROOFS-SPECIALIZED,bulletproofs-range-pilot-v1,47bfac70c1d6594282e7d744ebd8fa5bb594e5d3,bbc0b1a10dec6a35e8a7bb12148f97382d31ec9a72801a9734eae70aae800557,private_swap,bulletproofs-5.0.0-ristretto,range32-aggregate,"{""range_bits"":32}",verify_core,8,1,,true,3,5.088672,0.655339,4.760869,5.734997,4.661915,5.843233,,,,,,,,not-applicable,,,,,,,,,,,,,,,,,,measured,specialized Bulletproofs range baseline; validate bundle before paper reporting,measurement,true
C4-BULLETPROOFS-SPECIALIZED,bulletproofs-range-pilot-v1,47bfac70c1d6594282e7d744ebd8fa5bb594e5d3,bbc0b1a10dec6a35e8a7bb12148f97382d31ec9a72801a9734eae70aae800557,private_swap,bulletproofs-5.0.0-ristretto,range32-aggregate,"{""range_bits"":32}",verify_core,8,1,wrong_public_input,true,3,4.985302,0.457569,4.741239,5.435967,4.701509,5.513159,,,,,,,,not-applicable,,,,,,,,,,,,,,,,,,measured,specialized Bulletproofs range baseline; validate bundle before paper reporting,measurement,true
C4-BULLETPROOFS-SPECIALIZED,bulletproofs-range-pilot-v1,47bfac70c1d6594282e7d744ebd8fa5bb594e5d3,bbc0b1a10dec6a35e8a7bb12148f97382d31ec9a72801a9734eae70aae800557,private_swap,bulletproofs-5.0.0-ristretto,range32-aggregate,"{""range_bits"":32}",verify_core,8,2,,true,3,5.142560,0.409745,5.179814,5.497146,4.715460,5.532405,,,,,,,,not-applicable,,,,,,,,,,,,,,,,,,measured,specialized Bulletproofs range baseline; validate bundle before paper reporting,measurement,true
C4-BULLETPROOFS-SPECIALIZED,bulletproofs-range-pilot-v1,47bfac70c1d6594282e7d744ebd8fa5bb594e5d3,bbc0b1a10dec6a35e8a7bb12148f97382d31ec9a72801a9734eae70aae800557,private_swap,bulletproofs-5.0.0-ristretto,range32-aggregate,"{""range_bits"":32}",verify_core,8,2,wrong_public_input,true,3,5.065498,0.277154,4.923352,5.338733,4.888256,5.384886,,,,,,,,not-applicable,,,,,,,,,,,,,,,,,,measured,specialized Bulletproofs range baseline; validate bundle before paper reporting,measurement,true
C4-BULLETPROOFS-SPECIALIZED,bulletproofs-range-pilot-v1,47bfac70c1d6594282e7d744ebd8fa5bb594e5d3,bbc0b1a10dec6a35e8a7bb12148f97382d31ec9a72801a9734eae70aae800557,private_swap,bulletproofs-5.0.0-ristretto,range32-aggregate,"{""range_bits"":32}",verify_core,8,4,,true,3,5.171121,0.040568,5.186035,5.200513,5.125207,5.202122,,,,,,,,not-applicable,,,,,,,,,,,,,,,,,,measured,specialized Bulletproofs range baseline; validate bundle before paper reporting,measurement,true
C4-BULLETPROOFS-SPECIALIZED,bulletproofs-range-pilot-v1,47bfac70c1d6594282e7d744ebd8fa5bb594e5d3,bbc0b1a10dec6a35e8a7bb12148f97382d31ec9a72801a9734eae70aae800557,private_swap,bulletproofs-5.0.0-ristretto,range32-aggregate,"{""range_bits"":32}",verify_core,8,4,wrong_public_input,true,3,5.009955,0.355107,5.111798,5.283892,4.615053,5.303013,,,,,,,,not-applicable,,,,,,,,,,,,,,,,,,measured,specialized Bulletproofs range baseline; validate bundle before paper reporting,measurement,true
C4-BULLETPROOFS-SPECIALIZED,bulletproofs-range-pilot-v1,47bfac70c1d6594282e7d744ebd8fa5bb594e5d3,bbc0b1a10dec6a35e8a7bb12148f97382d31ec9a72801a9734eae70aae800557,private_swap,bulletproofs-5.0.0-ristretto,range32-aggregate,"{""range_bits"":32}",verify_total,2,1,,true,3,2.175379,0.198663,2.082250,2.371373,2.040388,2.403498,,,,,,,,not-applicable,,,,,,,,,,,,,,,,,,measured,specialized Bulletproofs range baseline; validate bundle before paper reporting,measurement,true
C4-BULLETPROOFS-SPECIALIZED,bulletproofs-range-pilot-v1,47bfac70c1d6594282e7d744ebd8fa5bb594e5d3,bbc0b1a10dec6a35e8a7bb12148f97382d31ec9a72801a9734eae70aae800557,private_swap,bulletproofs-5.0.0-ristretto,range32-aggregate,"{""range_bits"":32}",verify_total,2,1,wrong_public_input,true,3,1.914708,0.048713,1.895873,1.962611,1.878225,1.970026,,,,,,,,not-applicable,,,,,,,,,,,,,,,,,,measured,specialized Bulletproofs range baseline; validate bundle before paper reporting,measurement,true
C4-BULLETPROOFS-SPECIALIZED,bulletproofs-range-pilot-v1,47bfac70c1d6594282e7d744ebd8fa5bb594e5d3,bbc0b1a10dec6a35e8a7bb12148f97382d31ec9a72801a9734eae70aae800557,private_swap,bulletproofs-5.0.0-ristretto,range32-aggregate,"{""range_bits"":32}",verify_total,2,2,,true,3,1.767482,0.124186,1.740138,1.886770,1.659247,1.903062,,,,,,,,not-applicable,,,,,,,,,,,,,,,,,,measured,specialized Bulletproofs range baseline; validate bundle before paper reporting,measurement,true
C4-BULLETPROOFS-SPECIALIZED,bulletproofs-range-pilot-v1,47bfac70c1d6594282e7d744ebd8fa5bb594e5d3,bbc0b1a10dec6a35e8a7bb12148f97382d31ec9a72801a9734eae70aae800557,private_swap,bulletproofs-5.0.0-ristretto,range32-aggregate,"{""range_bits"":32}",verify_total,2,2,wrong_public_input,true,3,1.700100,0.008466,1.698420,1.708194,1.692600,1.709280,,,,,,,,not-applicable,,,,,,,,,,,,,,,,,,measured,specialized Bulletproofs range baseline; validate bundle before paper reporting,measurement,true
C4-BULLETPROOFS-SPECIALIZED,bulletproofs-range-pilot-v1,47bfac70c1d6594282e7d744ebd8fa5bb594e5d3,bbc0b1a10dec6a35e8a7bb12148f97382d31ec9a72801a9734eae70aae800557,private_swap,bulletproofs-5.0.0-ristretto,range32-aggregate,"{""range_bits"":32}",verify_total,2,4,,true,3,1.953361,0.299493,1.903833,2.237460,1.681719,2.274530,,,,,,,,not-applicable,,,,,,,,,,,,,,,,,,measured,specialized Bulletproofs range baseline; validate bundle before paper reporting,measurement,true
C4-BULLETPROOFS-SPECIALIZED,bulletproofs-range-pilot-v1,47bfac70c1d6594282e7d744ebd8fa5bb594e5d3,bbc0b1a10dec6a35e8a7bb12148f97382d31ec9a72801a9734eae70aae800557,private_swap,bulletproofs-5.0.0-ristretto,range32-aggregate,"{""range_bits"":32}",verify_total,2,4,wrong_public_input,true,3,1.828786,0.175706,1.755597,2.001890,1.701506,2.029256,,,,,,,,not-applicable,,,,,,,,,,,,,,,,,,measured,specialized Bulletproofs range baseline; validate bundle before paper reporting,measurement,true
C4-BULLETPROOFS-SPECIALIZED,bulletproofs-range-pilot-v1,47bfac70c1d6594282e7d744ebd8fa5bb594e5d3,bbc0b1a10dec6a35e8a7bb12148f97382d31ec9a72801a9734eae70aae800557,private_swap,bulletproofs-5.0.0-ristretto,range32-aggregate,"{""range_bits"":32}",verify_total,4,1,,true,3,3.064495,0.127120,3.090375,3.168052,2.926426,3.176683,,,,,,,,not-applicable,,,,,,,,,,,,,,,,,,measured,specialized Bulletproofs range baseline; validate bundle before paper reporting,measurement,true
C4-BULLETPROOFS-SPECIALIZED,bulletproofs-range-pilot-v1,47bfac70c1d6594282e7d744ebd8fa5bb594e5d3,bbc0b1a10dec6a35e8a7bb12148f97382d31ec9a72801a9734eae70aae800557,private_swap,bulletproofs-5.0.0-ristretto,range32-aggregate,"{""range_bits"":32}",verify_total,4,1,wrong_public_input,true,3,3.005789,0.473028,2.869485,3.465751,2.615878,3.532003,,,,,,,,not-applicable,,,,,,,,,,,,,,,,,,measured,specialized Bulletproofs range baseline; validate bundle before paper reporting,measurement,true
C4-BULLETPROOFS-SPECIALIZED,bulletproofs-range-pilot-v1,47bfac70c1d6594282e7d744ebd8fa5bb594e5d3,bbc0b1a10dec6a35e8a7bb12148f97382d31ec9a72801a9734eae70aae800557,private_swap,bulletproofs-5.0.0-ristretto,range32-aggregate,"{""range_bits"":32}",verify_total,4,2,,true,3,3.174322,0.252631,3.171607,3.402630,2.923059,3.428299,,,,,,,,not-applicable,,,,,,,,,,,,,,,,,,measured,specialized Bulletproofs range baseline; validate bundle before paper reporting,measurement,true
C4-BULLETPROOFS-SPECIALIZED,bulletproofs-range-pilot-v1,47bfac70c1d6594282e7d744ebd8fa5bb594e5d3,bbc0b1a10dec6a35e8a7bb12148f97382d31ec9a72801a9734eae70aae800557,private_swap,bulletproofs-5.0.0-ristretto,range32-aggregate,"{""range_bits"":32}",verify_total,4,2,wrong_public_input,true,3,2.978832,0.061165,2.965769,3.037503,2.925253,3.045473,,,,,,,,not-applicable,,,,,,,,,,,,,,,,,,measured,specialized Bulletproofs range baseline; validate bundle before paper reporting,measurement,true
C4-BULLETPROOFS-SPECIALIZED,bulletproofs-range-pilot-v1,47bfac70c1d6594282e7d744ebd8fa5bb594e5d3,bbc0b1a10dec6a35e8a7bb12148f97382d31ec9a72801a9734eae70aae800557,private_swap,bulletproofs-5.0.0-ristretto,range32-aggregate,"{""range_bits"":32}",verify_total,4,4,,true,3,2.979177,0.255552,2.971360,3.211828,2.727623,3.238547,,,,,,,,not-applicable,,,,,,,,,,,,,,,,,,measured,specialized Bulletproofs range baseline; validate bundle before paper reporting,measurement,true
C4-BULLETPROOFS-SPECIALIZED,bulletproofs-range-pilot-v1,47bfac70c1d6594282e7d744ebd8fa5bb594e5d3,bbc0b1a10dec6a35e8a7bb12148f97382d31ec9a72801a9734eae70aae800557,private_swap,bulletproofs-5.0.0-ristretto,range32-aggregate,"{""range_bits"":32}",verify_total,4,4,wrong_public_input,true,3,2.877371,0.260413,2.757441,3.134270,2.698531,3.176140,,,,,,,,not-applicable,,,,,,,,,,,,,,,,,,measured,specialized Bulletproofs range baseline; validate bundle before paper reporting,measurement,true
C4-BULLETPROOFS-SPECIALIZED,bulletproofs-range-pilot-v1,47bfac70c1d6594282e7d744ebd8fa5bb594e5d3,bbc0b1a10dec6a35e8a7bb12148f97382d31ec9a72801a9734eae70aae800557,private_swap,bulletproofs-5.0.0-ristretto,range32-aggregate,"{""range_bits"":32}",verify_total,8,1,,true,3,5.088672,0.655339,4.760869,5.734997,4.661915,5.843233,,,,,,,,not-applicable,,,,,,,,,,,,,,,,,,measured,specialized Bulletproofs range baseline; validate bundle before paper reporting,measurement,true
C4-BULLETPROOFS-SPECIALIZED,bulletproofs-range-pilot-v1,47bfac70c1d6594282e7d744ebd8fa5bb594e5d3,bbc0b1a10dec6a35e8a7bb12148f97382d31ec9a72801a9734eae70aae800557,private_swap,bulletproofs-5.0.0-ristretto,range32-aggregate,"{""range_bits"":32}",verify_total,8,1,wrong_public_input,true,3,4.985302,0.457569,4.741239,5.435967,4.701509,5.513159,,,,,,,,not-applicable,,,,,,,,,,,,,,,,,,measured,specialized Bulletproofs range baseline; validate bundle before paper reporting,measurement,true
C4-BULLETPROOFS-SPECIALIZED,bulletproofs-range-pilot-v1,47bfac70c1d6594282e7d744ebd8fa5bb594e5d3,bbc0b1a10dec6a35e8a7bb12148f97382d31ec9a72801a9734eae70aae800557,private_swap,bulletproofs-5.0.0-ristretto,range32-aggregate,"{""range_bits"":32}",verify_total,8,2,,true,3,5.142560,0.409745,5.179814,5.497146,4.715460,5.532405,,,,,,,,not-applicable,,,,,,,,,,,,,,,,,,measured,specialized Bulletproofs range baseline; validate bundle before paper reporting,measurement,true
C4-BULLETPROOFS-SPECIALIZED,bulletproofs-range-pilot-v1,47bfac70c1d6594282e7d744ebd8fa5bb594e5d3,bbc0b1a10dec6a35e8a7bb12148f97382d31ec9a72801a9734eae70aae800557,private_swap,bulletproofs-5.0.0-ristretto,range32-aggregate,"{""range_bits"":32}",verify_total,8,2,wrong_public_input,true,3,5.065498,0.277154,4.923352,5.338733,4.888256,5.384886,,,,,,,,not-applicable,,,,,,,,,,,,,,,,,,measured,specialized Bulletproofs range baseline; validate bundle before paper reporting,measurement,true
C4-BULLETPROOFS-SPECIALIZED,bulletproofs-range-pilot-v1,47bfac70c1d6594282e7d744ebd8fa5bb594e5d3,bbc0b1a10dec6a35e8a7bb12148f97382d31ec9a72801a9734eae70aae800557,private_swap,bulletproofs-5.0.0-ristretto,range32-aggregate,"{""range_bits"":32}",verify_total,8,4,,true,3,5.171121,0.040568,5.186035,5.200513,5.125207,5.202122,,,,,,,,not-applicable,,,,,,,,,,,,,,,,,,measured,specialized Bulletproofs range baseline; validate bundle before paper reporting,measurement,true
C4-BULLETPROOFS-SPECIALIZED,bulletproofs-range-pilot-v1,47bfac70c1d6594282e7d744ebd8fa5bb594e5d3,bbc0b1a10dec6a35e8a7bb12148f97382d31ec9a72801a9734eae70aae800557,private_swap,bulletproofs-5.0.0-ristretto,range32-aggregate,"{""range_bits"":32}",verify_total,8,4,wrong_public_input,true,3,5.009955,0.355107,5.111798,5.283892,4.615053,5.303013,,,,,,,,not-applicable,,,,,,,,,,,,,,,,,,measured,specialized Bulletproofs range baseline; validate bundle before paper reporting,measurement,true
C4-BULLETPROOFS-SPECIALIZED,bulletproofs-range-pilot-v1,47bfac70c1d6594282e7d744ebd8fa5bb594e5d3,bbc0b1a10dec6a35e8a7bb12148f97382d31ec9a72801a9734eae70aae800557,private_swap,bulletproofs-5.0.0-ristretto,range32-aggregate,"{""range_bits"":32}",witness,2,1,,true,3,0.481754,0.024833,0.477181,0.505418,0.459525,0.508556,,,,,,,,not-applicable,,,,,,,,,,,,,,,,,,measured,specialized Bulletproofs range baseline; validate bundle before paper reporting,measurement,true
C4-BULLETPROOFS-SPECIALIZED,bulletproofs-range-pilot-v1,47bfac70c1d6594282e7d744ebd8fa5bb594e5d3,bbc0b1a10dec6a35e8a7bb12148f97382d31ec9a72801a9734eae70aae800557,private_swap,bulletproofs-5.0.0-ristretto,range32-aggregate,"{""range_bits"":32}",witness,2,1,wrong_public_input,true,3,0.511443,0.056872,0.524105,0.557236,0.449307,0.560917,,,,,,,,not-applicable,,,,,,,,,,,,,,,,,,measured,specialized Bulletproofs range baseline; validate bundle before paper reporting,measurement,true
C4-BULLETPROOFS-SPECIALIZED,bulletproofs-range-pilot-v1,47bfac70c1d6594282e7d744ebd8fa5bb594e5d3,bbc0b1a10dec6a35e8a7bb12148f97382d31ec9a72801a9734eae70aae800557,private_swap,bulletproofs-5.0.0-ristretto,range32-aggregate,"{""range_bits"":32}",witness,2,2,,true,3,0.516142,0.014172,0.513867,0.529569,0.503246,0.531314,,,,,,,,not-applicable,,,,,,,,,,,,,,,,,,measured,specialized Bulletproofs range baseline; validate bundle before paper reporting,measurement,true
C4-BULLETPROOFS-SPECIALIZED,bulletproofs-range-pilot-v1,47bfac70c1d6594282e7d744ebd8fa5bb594e5d3,bbc0b1a10dec6a35e8a7bb12148f97382d31ec9a72801a9734eae70aae800557,private_swap,bulletproofs-5.0.0-ristretto,range32-aggregate,"{""range_bits"":32}",witness,2,2,wrong_public_input,true,3,0.561526,0.083953,0.552593,0.639889,0.482397,0.649589,,,,,,,,not-applicable,,,,,,,,,,,,,,,,,,measured,specialized Bulletproofs range baseline; validate bundle before paper reporting,measurement,true
C4-BULLETPROOFS-SPECIALIZED,bulletproofs-range-pilot-v1,47bfac70c1d6594282e7d744ebd8fa5bb594e5d3,bbc0b1a10dec6a35e8a7bb12148f97382d31ec9a72801a9734eae70aae800557,private_swap,bulletproofs-5.0.0-ristretto,range32-aggregate,"{""range_bits"":32}",witness,2,4,,true,3,0.488524,0.046581,0.513320,0.517049,0.434790,0.517463,,,,,,,,not-applicable,,,,,,,,,,,,,,,,,,measured,specialized Bulletproofs range baseline; validate bundle before paper reporting,measurement,true
C4-BULLETPROOFS-SPECIALIZED,bulletproofs-range-pilot-v1,47bfac70c1d6594282e7d744ebd8fa5bb594e5d3,bbc0b1a10dec6a35e8a7bb12148f97382d31ec9a72801a9734eae70aae800557,private_swap,bulletproofs-5.0.0-ristretto,range32-aggregate,"{""range_bits"":32}",witness,2,4,wrong_public_input,true,3,0.529127,0.099888,0.516837,0.622816,0.435952,0.634591,,,,,,,,not-applicable,,,,,,,,,,,,,,,,,,measured,specialized Bulletproofs range baseline; validate bundle before paper reporting,measurement,true
C4-BULLETPROOFS-SPECIALIZED,bulletproofs-range-pilot-v1,47bfac70c1d6594282e7d744ebd8fa5bb594e5d3,bbc0b1a10dec6a35e8a7bb12148f97382d31ec9a72801a9734eae70aae800557,private_swap,bulletproofs-5.0.0-ristretto,range32-aggregate,"{""range_bits"":32}",witness,4,1,,true,3,0.481474,0.005408,0.479452,0.486787,0.477368,0.487602,,,,,,,,not-applicable,,,,,,,,,,,,,,,,,,measured,specialized Bulletproofs range baseline; validate bundle before paper reporting,measurement,true
C4-BULLETPROOFS-SPECIALIZED,bulletproofs-range-pilot-v1,47bfac70c1d6594282e7d744ebd8fa5bb594e5d3,bbc0b1a10dec6a35e8a7bb12148f97382d31ec9a72801a9734eae70aae800557,private_swap,bulletproofs-5.0.0-ristretto,range32-aggregate,"{""range_bits"":32}",witness,4,1,wrong_public_input,true,3,0.482719,0.027097,0.493128,0.502073,0.451961,0.503067,,,,,,,,not-applicable,,,,,,,,,,,,,,,,,,measured,specialized Bulletproofs range baseline; validate bundle before paper reporting,measurement,true
C4-BULLETPROOFS-SPECIALIZED,bulletproofs-range-pilot-v1,47bfac70c1d6594282e7d744ebd8fa5bb594e5d3,bbc0b1a10dec6a35e8a7bb12148f97382d31ec9a72801a9734eae70aae800557,private_swap,bulletproofs-5.0.0-ristretto,range32-aggregate,"{""range_bits"":32}",witness,4,2,,true,3,0.575326,0.106903,0.614033,0.653139,0.454461,0.657484,,,,,,,,not-applicable,,,,,,,,,,,,,,,,,,measured,specialized Bulletproofs range baseline; validate bundle before paper reporting,measurement,true
C4-BULLETPROOFS-SPECIALIZED,bulletproofs-range-pilot-v1,47bfac70c1d6594282e7d744ebd8fa5bb594e5d3,bbc0b1a10dec6a35e8a7bb12148f97382d31ec9a72801a9734eae70aae800557,private_swap,bulletproofs-5.0.0-ristretto,range32-aggregate,"{""range_bits"":32}",witness,4,2,wrong_public_input,true,3,0.533591,0.066892,0.549222,0.587077,0.460267,0.591283,,,,,,,,not-applicable,,,,,,,,,,,,,,,,,,measured,specialized Bulletproofs range baseline; validate bundle before paper reporting,measurement,true
C4-BULLETPROOFS-SPECIALIZED,bulletproofs-range-pilot-v1,47bfac70c1d6594282e7d744ebd8fa5bb594e5d3,bbc0b1a10dec6a35e8a7bb12148f97382d31ec9a72801a9734eae70aae800557,private_swap,bulletproofs-5.0.0-ristretto,range32-aggregate,"{""range_bits"":32}",witness,4,4,,true,3,0.518947,0.049031,0.539298,0.553002,0.463017,0.554525,,,,,,,,not-applicable,,,,,,,,,,,,,,,,,,measured,specialized Bulletproofs range baseline; validate bundle before paper reporting,measurement,true
C4-BULLETPROOFS-SPECIALIZED,bulletproofs-range-pilot-v1,47bfac70c1d6594282e7d744ebd8fa5bb594e5d3,bbc0b1a10dec6a35e8a7bb12148f97382d31ec9a72801a9734eae70aae800557,private_swap,bulletproofs-5.0.0-ristretto,range32-aggregate,"{""range_bits"":32}",witness,4,4,wrong_public_input,true,3,0.521528,0.021213,0.529375,0.536867,0.497510,0.537700,,,,,,,,not-applicable,,,,,,,,,,,,,,,,,,measured,specialized Bulletproofs range baseline; validate bundle before paper reporting,measurement,true
C4-BULLETPROOFS-SPECIALIZED,bulletproofs-range-pilot-v1,47bfac70c1d6594282e7d744ebd8fa5bb594e5d3,bbc0b1a10dec6a35e8a7bb12148f97382d31ec9a72801a9734eae70aae800557,private_swap,bulletproofs-5.0.0-ristretto,range32-aggregate,"{""range_bits"":32}",witness,8,1,,true,3,0.496714,0.031399,0.494290,0.525759,0.466598,0.529255,,,,,,,,not-applicable,,,,,,,,,,,,,,,,,,measured,specialized Bulletproofs range baseline; validate bundle before paper reporting,measurement,true
C4-BULLETPROOFS-SPECIALIZED,bulletproofs-range-pilot-v1,47bfac70c1d6594282e7d744ebd8fa5bb594e5d3,bbc0b1a10dec6a35e8a7bb12148f97382d31ec9a72801a9734eae70aae800557,private_swap,bulletproofs-5.0.0-ristretto,range32-aggregate,"{""range_bits"":32}",witness,8,1,wrong_public_input,true,3,0.518193,0.092998,0.467465,0.609719,0.461590,0.625525,,,,,,,,not-applicable,,,,,,,,,,,,,,,,,,measured,specialized Bulletproofs range baseline; validate bundle before paper reporting,measurement,true
C4-BULLETPROOFS-SPECIALIZED,bulletproofs-range-pilot-v1,47bfac70c1d6594282e7d744ebd8fa5bb594e5d3,bbc0b1a10dec6a35e8a7bb12148f97382d31ec9a72801a9734eae70aae800557,private_swap,bulletproofs-5.0.0-ristretto,range32-aggregate,"{""range_bits"":32}",witness,8,2,,true,3,0.487541,0.018558,0.479339,0.505842,0.474498,0.508787,,,,,,,,not-applicable,,,,,,,,,,,,,,,,,,measured,specialized Bulletproofs range baseline; validate bundle before paper reporting,measurement,true
C4-BULLETPROOFS-SPECIALIZED,bulletproofs-range-pilot-v1,47bfac70c1d6594282e7d744ebd8fa5bb594e5d3,bbc0b1a10dec6a35e8a7bb12148f97382d31ec9a72801a9734eae70aae800557,private_swap,bulletproofs-5.0.0-ristretto,range32-aggregate,"{""range_bits"":32}",witness,8,2,wrong_public_input,true,3,0.496037,0.023035,0.494250,0.517347,0.473947,0.519913,,,,,,,,not-applicable,,,,,,,,,,,,,,,,,,measured,specialized Bulletproofs range baseline; validate bundle before paper reporting,measurement,true
C4-BULLETPROOFS-SPECIALIZED,bulletproofs-range-pilot-v1,47bfac70c1d6594282e7d744ebd8fa5bb594e5d3,bbc0b1a10dec6a35e8a7bb12148f97382d31ec9a72801a9734eae70aae800557,private_swap,bulletproofs-5.0.0-ristretto,range32-aggregate,"{""range_bits"":32}",witness,8,4,,true,3,0.518662,0.071686,0.511912,0.585327,0.450589,0.593484,,,,,,,,not-applicable,,,,,,,,,,,,,,,,,,measured,specialized Bulletproofs range baseline; validate bundle before paper reporting,measurement,true
C4-BULLETPROOFS-SPECIALIZED,bulletproofs-range-pilot-v1,47bfac70c1d6594282e7d744ebd8fa5bb594e5d3,bbc0b1a10dec6a35e8a7bb12148f97382d31ec9a72801a9734eae70aae800557,private_swap,bulletproofs-5.0.0-ristretto,range32-aggregate,"{""range_bits"":32}",witness,8,4,wrong_public_input,true,3,0.495050,0.037030,0.474363,0.531457,0.472985,0.537801,,,,,,,,not-applicable,,,,,,,,,,,,,,,,,,measured,specialized Bulletproofs range baseline; validate bundle before paper reporting,measurement,true
