model_id,evidence_class,profile_id,profile_role,profile_label,security_bits,evm_fork,workload,adapter,selected_input_scale,native_proof_bytes,proof_calldata_bytes,public_inputs,calldata_payload_bytes,calldata_tokens,calldata_gas,calldata_pricing_branch,verifier_compute_gas,fixed_gas,batch_size,gas_price_gwei,eth_usd,amortized_gas_per_application_unit,modeled_cost_usd
reproduction-evm-gas-v2,modeled,legacy-bn254,legacy,Legacy BN254 / EIP-1108,approximately 80,Istanbul-compatible EIP-1108 and EIP-2028,state,groth16,1048576,192.0,256.0,3,352.0,0.0,5632.0,eip2028,199450,226082.0,1,5,3500.0,226132.0,3.95731
reproduction-evm-gas-v2,modeled,legacy-bn254,legacy,Legacy BN254 / EIP-1108,approximately 80,Istanbul-compatible EIP-1108 and EIP-2028,state,groth16,1048576,192.0,256.0,3,352.0,0.0,5632.0,eip2028,199450,226082.0,1,20,3500.0,226132.0,15.82924
reproduction-evm-gas-v2,modeled,legacy-bn254,legacy,Legacy BN254 / EIP-1108,approximately 80,Istanbul-compatible EIP-1108 and EIP-2028,state,groth16,1048576,192.0,256.0,3,352.0,0.0,5632.0,eip2028,199450,226082.0,1,100,3500.0,226132.0,79.1462
reproduction-evm-gas-v2,modeled,legacy-bn254,legacy,Legacy BN254 / EIP-1108,approximately 80,Istanbul-compatible EIP-1108 and EIP-2028,state,groth16,1048576,192.0,256.0,3,352.0,0.0,5632.0,eip2028,199450,226082.0,2,5,3500.0,113091.0,1.979093
reproduction-evm-gas-v2,modeled,legacy-bn254,legacy,Legacy BN254 / EIP-1108,approximately 80,Istanbul-compatible EIP-1108 and EIP-2028,state,groth16,1048576,192.0,256.0,3,352.0,0.0,5632.0,eip2028,199450,226082.0,2,20,3500.0,113091.0,7.91637
reproduction-evm-gas-v2,modeled,legacy-bn254,legacy,Legacy BN254 / EIP-1108,approximately 80,Istanbul-compatible EIP-1108 and EIP-2028,state,groth16,1048576,192.0,256.0,3,352.0,0.0,5632.0,eip2028,199450,226082.0,2,100,3500.0,113091.0,39.58185
reproduction-evm-gas-v2,modeled,legacy-bn254,legacy,Legacy BN254 / EIP-1108,approximately 80,Istanbul-compatible EIP-1108 and EIP-2028,state,groth16,1048576,192.0,256.0,3,352.0,0.0,5632.0,eip2028,199450,226082.0,4,5,3500.0,56570.5,0.989984
reproduction-evm-gas-v2,modeled,legacy-bn254,legacy,Legacy BN254 / EIP-1108,approximately 80,Istanbul-compatible EIP-1108 and EIP-2028,state,groth16,1048576,192.0,256.0,3,352.0,0.0,5632.0,eip2028,199450,226082.0,4,20,3500.0,56570.5,3.959935
reproduction-evm-gas-v2,modeled,legacy-bn254,legacy,Legacy BN254 / EIP-1108,approximately 80,Istanbul-compatible EIP-1108 and EIP-2028,state,groth16,1048576,192.0,256.0,3,352.0,0.0,5632.0,eip2028,199450,226082.0,4,100,3500.0,56570.5,19.799675
reproduction-evm-gas-v2,modeled,legacy-bn254,legacy,Legacy BN254 / EIP-1108,approximately 80,Istanbul-compatible EIP-1108 and EIP-2028,state,groth16,1048576,192.0,256.0,3,352.0,0.0,5632.0,eip2028,199450,226082.0,8,5,3500.0,28310.25,0.495429
reproduction-evm-gas-v2,modeled,legacy-bn254,legacy,Legacy BN254 / EIP-1108,approximately 80,Istanbul-compatible EIP-1108 and EIP-2028,state,groth16,1048576,192.0,256.0,3,352.0,0.0,5632.0,eip2028,199450,226082.0,8,20,3500.0,28310.25,1.981718
reproduction-evm-gas-v2,modeled,legacy-bn254,legacy,Legacy BN254 / EIP-1108,approximately 80,Istanbul-compatible EIP-1108 and EIP-2028,state,groth16,1048576,192.0,256.0,3,352.0,0.0,5632.0,eip2028,199450,226082.0,8,100,3500.0,28310.25,9.908587
reproduction-evm-gas-v2,modeled,legacy-bn254,legacy,Legacy BN254 / EIP-1108,approximately 80,Istanbul-compatible EIP-1108 and EIP-2028,state,groth16,1048576,192.0,256.0,3,352.0,0.0,5632.0,eip2028,199450,226082.0,16,5,3500.0,14180.125,0.248152
reproduction-evm-gas-v2,modeled,legacy-bn254,legacy,Legacy BN254 / EIP-1108,approximately 80,Istanbul-compatible EIP-1108 and EIP-2028,state,groth16,1048576,192.0,256.0,3,352.0,0.0,5632.0,eip2028,199450,226082.0,16,20,3500.0,14180.125,0.992609
reproduction-evm-gas-v2,modeled,legacy-bn254,legacy,Legacy BN254 / EIP-1108,approximately 80,Istanbul-compatible EIP-1108 and EIP-2028,state,groth16,1048576,192.0,256.0,3,352.0,0.0,5632.0,eip2028,199450,226082.0,16,100,3500.0,14180.125,4.963044
reproduction-evm-gas-v2,modeled,legacy-bn254,legacy,Legacy BN254 / EIP-1108,approximately 80,Istanbul-compatible EIP-1108 and EIP-2028,state,groth16,1048576,192.0,256.0,3,352.0,0.0,5632.0,eip2028,199450,226082.0,32,5,3500.0,7115.0625,0.124514
reproduction-evm-gas-v2,modeled,legacy-bn254,legacy,Legacy BN254 / EIP-1108,approximately 80,Istanbul-compatible EIP-1108 and EIP-2028,state,groth16,1048576,192.0,256.0,3,352.0,0.0,5632.0,eip2028,199450,226082.0,32,20,3500.0,7115.0625,0.498054
reproduction-evm-gas-v2,modeled,legacy-bn254,legacy,Legacy BN254 / EIP-1108,approximately 80,Istanbul-compatible EIP-1108 and EIP-2028,state,groth16,1048576,192.0,256.0,3,352.0,0.0,5632.0,eip2028,199450,226082.0,32,100,3500.0,7115.0625,2.490272
reproduction-evm-gas-v2,modeled,legacy-bn254,legacy,Legacy BN254 / EIP-1108,approximately 80,Istanbul-compatible EIP-1108 and EIP-2028,state,groth16,1048576,192.0,256.0,3,352.0,0.0,5632.0,eip2028,199450,226082.0,64,5,3500.0,3582.53125,0.062694
reproduction-evm-gas-v2,modeled,legacy-bn254,legacy,Legacy BN254 / EIP-1108,approximately 80,Istanbul-compatible EIP-1108 and EIP-2028,state,groth16,1048576,192.0,256.0,3,352.0,0.0,5632.0,eip2028,199450,226082.0,64,20,3500.0,3582.53125,0.250777
reproduction-evm-gas-v2,modeled,legacy-bn254,legacy,Legacy BN254 / EIP-1108,approximately 80,Istanbul-compatible EIP-1108 and EIP-2028,state,groth16,1048576,192.0,256.0,3,352.0,0.0,5632.0,eip2028,199450,226082.0,64,100,3500.0,3582.53125,1.253886
reproduction-evm-gas-v2,modeled,legacy-bn254,legacy,Legacy BN254 / EIP-1108,approximately 80,Istanbul-compatible EIP-1108 and EIP-2028,state,groth16,1048576,192.0,256.0,3,352.0,0.0,5632.0,eip2028,199450,226082.0,128,5,3500.0,1816.265625,0.031785
reproduction-evm-gas-v2,modeled,legacy-bn254,legacy,Legacy BN254 / EIP-1108,approximately 80,Istanbul-compatible EIP-1108 and EIP-2028,state,groth16,1048576,192.0,256.0,3,352.0,0.0,5632.0,eip2028,199450,226082.0,128,20,3500.0,1816.265625,0.127139
reproduction-evm-gas-v2,modeled,legacy-bn254,legacy,Legacy BN254 / EIP-1108,approximately 80,Istanbul-compatible EIP-1108 and EIP-2028,state,groth16,1048576,192.0,256.0,3,352.0,0.0,5632.0,eip2028,199450,226082.0,128,100,3500.0,1816.265625,0.635693
reproduction-evm-gas-v2,modeled,legacy-bn254,legacy,Legacy BN254 / EIP-1108,approximately 80,Istanbul-compatible EIP-1108 and EIP-2028,state,groth16,1048576,192.0,256.0,3,352.0,0.0,5632.0,eip2028,199450,226082.0,256,5,3500.0,933.132812,0.01633
reproduction-evm-gas-v2,modeled,legacy-bn254,legacy,Legacy BN254 / EIP-1108,approximately 80,Istanbul-compatible EIP-1108 and EIP-2028,state,groth16,1048576,192.0,256.0,3,352.0,0.0,5632.0,eip2028,199450,226082.0,256,20,3500.0,933.132812,0.065319
reproduction-evm-gas-v2,modeled,legacy-bn254,legacy,Legacy BN254 / EIP-1108,approximately 80,Istanbul-compatible EIP-1108 and EIP-2028,state,groth16,1048576,192.0,256.0,3,352.0,0.0,5632.0,eip2028,199450,226082.0,256,100,3500.0,933.132812,0.326596
reproduction-evm-gas-v2,modeled,legacy-bn254,legacy,Legacy BN254 / EIP-1108,approximately 80,Istanbul-compatible EIP-1108 and EIP-2028,state,groth16,1048576,192.0,256.0,3,352.0,0.0,5632.0,eip2028,199450,226082.0,512,5,3500.0,491.566406,0.008602
reproduction-evm-gas-v2,modeled,legacy-bn254,legacy,Legacy BN254 / EIP-1108,approximately 80,Istanbul-compatible EIP-1108 and EIP-2028,state,groth16,1048576,192.0,256.0,3,352.0,0.0,5632.0,eip2028,199450,226082.0,512,20,3500.0,491.566406,0.03441
reproduction-evm-gas-v2,modeled,legacy-bn254,legacy,Legacy BN254 / EIP-1108,approximately 80,Istanbul-compatible EIP-1108 and EIP-2028,state,groth16,1048576,192.0,256.0,3,352.0,0.0,5632.0,eip2028,199450,226082.0,512,100,3500.0,491.566406,0.172048
reproduction-evm-gas-v2,modeled,legacy-bn254,legacy,Legacy BN254 / EIP-1108,approximately 80,Istanbul-compatible EIP-1108 and EIP-2028,state,groth16,1048576,192.0,256.0,3,352.0,0.0,5632.0,eip2028,199450,226082.0,1024,5,3500.0,270.783203,0.004739
reproduction-evm-gas-v2,modeled,legacy-bn254,legacy,Legacy BN254 / EIP-1108,approximately 80,Istanbul-compatible EIP-1108 and EIP-2028,state,groth16,1048576,192.0,256.0,3,352.0,0.0,5632.0,eip2028,199450,226082.0,1024,20,3500.0,270.783203,0.018955
reproduction-evm-gas-v2,modeled,legacy-bn254,legacy,Legacy BN254 / EIP-1108,approximately 80,Istanbul-compatible EIP-1108 and EIP-2028,state,groth16,1048576,192.0,256.0,3,352.0,0.0,5632.0,eip2028,199450,226082.0,1024,100,3500.0,270.783203,0.094774
reproduction-evm-gas-v2,modeled,legacy-bn254,legacy,Legacy BN254 / EIP-1108,approximately 80,Istanbul-compatible EIP-1108 and EIP-2028,state,groth16,1048576,192.0,256.0,3,352.0,0.0,5632.0,eip2028,199450,226082.0,2048,5,3500.0,160.391602,0.002807
reproduction-evm-gas-v2,modeled,legacy-bn254,legacy,Legacy BN254 / EIP-1108,approximately 80,Istanbul-compatible EIP-1108 and EIP-2028,state,groth16,1048576,192.0,256.0,3,352.0,0.0,5632.0,eip2028,199450,226082.0,2048,20,3500.0,160.391602,0.011227
reproduction-evm-gas-v2,modeled,legacy-bn254,legacy,Legacy BN254 / EIP-1108,approximately 80,Istanbul-compatible EIP-1108 and EIP-2028,state,groth16,1048576,192.0,256.0,3,352.0,0.0,5632.0,eip2028,199450,226082.0,2048,100,3500.0,160.391602,0.056137
reproduction-evm-gas-v2,modeled,legacy-bn254,legacy,Legacy BN254 / EIP-1108,approximately 80,Istanbul-compatible EIP-1108 and EIP-2028,state,groth16,1048576,192.0,256.0,3,352.0,0.0,5632.0,eip2028,199450,226082.0,4096,5,3500.0,105.195801,0.001841
reproduction-evm-gas-v2,modeled,legacy-bn254,legacy,Legacy BN254 / EIP-1108,approximately 80,Istanbul-compatible EIP-1108 and EIP-2028,state,groth16,1048576,192.0,256.0,3,352.0,0.0,5632.0,eip2028,199450,226082.0,4096,20,3500.0,105.195801,0.007364
reproduction-evm-gas-v2,modeled,legacy-bn254,legacy,Legacy BN254 / EIP-1108,approximately 80,Istanbul-compatible EIP-1108 and EIP-2028,state,groth16,1048576,192.0,256.0,3,352.0,0.0,5632.0,eip2028,199450,226082.0,4096,100,3500.0,105.195801,0.036819
reproduction-evm-gas-v2,modeled,legacy-bn254,legacy,Legacy BN254 / EIP-1108,approximately 80,Istanbul-compatible EIP-1108 and EIP-2028,state,plonk,1048576,977.0,1152.0,3,1248.0,0.0,19968.0,eip2028,321800,362768.0,1,5,3500.0,362818.0,6.349315
reproduction-evm-gas-v2,modeled,legacy-bn254,legacy,Legacy BN254 / EIP-1108,approximately 80,Istanbul-compatible EIP-1108 and EIP-2028,state,plonk,1048576,977.0,1152.0,3,1248.0,0.0,19968.0,eip2028,321800,362768.0,1,20,3500.0,362818.0,25.39726
reproduction-evm-gas-v2,modeled,legacy-bn254,legacy,Legacy BN254 / EIP-1108,approximately 80,Istanbul-compatible EIP-1108 and EIP-2028,state,plonk,1048576,977.0,1152.0,3,1248.0,0.0,19968.0,eip2028,321800,362768.0,1,100,3500.0,362818.0,126.9863
reproduction-evm-gas-v2,modeled,legacy-bn254,legacy,Legacy BN254 / EIP-1108,approximately 80,Istanbul-compatible EIP-1108 and EIP-2028,state,plonk,1048576,977.0,1152.0,3,1248.0,0.0,19968.0,eip2028,321800,362768.0,2,5,3500.0,181434.0,3.175095
reproduction-evm-gas-v2,modeled,legacy-bn254,legacy,Legacy BN254 / EIP-1108,approximately 80,Istanbul-compatible EIP-1108 and EIP-2028,state,plonk,1048576,977.0,1152.0,3,1248.0,0.0,19968.0,eip2028,321800,362768.0,2,20,3500.0,181434.0,12.70038
reproduction-evm-gas-v2,modeled,legacy-bn254,legacy,Legacy BN254 / EIP-1108,approximately 80,Istanbul-compatible EIP-1108 and EIP-2028,state,plonk,1048576,977.0,1152.0,3,1248.0,0.0,19968.0,eip2028,321800,362768.0,2,100,3500.0,181434.0,63.5019
reproduction-evm-gas-v2,modeled,legacy-bn254,legacy,Legacy BN254 / EIP-1108,approximately 80,Istanbul-compatible EIP-1108 and EIP-2028,state,plonk,1048576,977.0,1152.0,3,1248.0,0.0,19968.0,eip2028,321800,362768.0,4,5,3500.0,90742.0,1.587985
reproduction-evm-gas-v2,modeled,legacy-bn254,legacy,Legacy BN254 / EIP-1108,approximately 80,Istanbul-compatible EIP-1108 and EIP-2028,state,plonk,1048576,977.0,1152.0,3,1248.0,0.0,19968.0,eip2028,321800,362768.0,4,20,3500.0,90742.0,6.35194
reproduction-evm-gas-v2,modeled,legacy-bn254,legacy,Legacy BN254 / EIP-1108,approximately 80,Istanbul-compatible EIP-1108 and EIP-2028,state,plonk,1048576,977.0,1152.0,3,1248.0,0.0,19968.0,eip2028,321800,362768.0,4,100,3500.0,90742.0,31.7597
reproduction-evm-gas-v2,modeled,legacy-bn254,legacy,Legacy BN254 / EIP-1108,approximately 80,Istanbul-compatible EIP-1108 and EIP-2028,state,plonk,1048576,977.0,1152.0,3,1248.0,0.0,19968.0,eip2028,321800,362768.0,8,5,3500.0,45396.0,0.79443
reproduction-evm-gas-v2,modeled,legacy-bn254,legacy,Legacy BN254 / EIP-1108,approximately 80,Istanbul-compatible EIP-1108 and EIP-2028,state,plonk,1048576,977.0,1152.0,3,1248.0,0.0,19968.0,eip2028,321800,362768.0,8,20,3500.0,45396.0,3.17772
reproduction-evm-gas-v2,modeled,legacy-bn254,legacy,Legacy BN254 / EIP-1108,approximately 80,Istanbul-compatible EIP-1108 and EIP-2028,state,plonk,1048576,977.0,1152.0,3,1248.0,0.0,19968.0,eip2028,321800,362768.0,8,100,3500.0,45396.0,15.8886
reproduction-evm-gas-v2,modeled,legacy-bn254,legacy,Legacy BN254 / EIP-1108,approximately 80,Istanbul-compatible EIP-1108 and EIP-2028,state,plonk,1048576,977.0,1152.0,3,1248.0,0.0,19968.0,eip2028,321800,362768.0,16,5,3500.0,22723.0,0.397653
reproduction-evm-gas-v2,modeled,legacy-bn254,legacy,Legacy BN254 / EIP-1108,approximately 80,Istanbul-compatible EIP-1108 and EIP-2028,state,plonk,1048576,977.0,1152.0,3,1248.0,0.0,19968.0,eip2028,321800,362768.0,16,20,3500.0,22723.0,1.59061
reproduction-evm-gas-v2,modeled,legacy-bn254,legacy,Legacy BN254 / EIP-1108,approximately 80,Istanbul-compatible EIP-1108 and EIP-2028,state,plonk,1048576,977.0,1152.0,3,1248.0,0.0,19968.0,eip2028,321800,362768.0,16,100,3500.0,22723.0,7.95305
reproduction-evm-gas-v2,modeled,legacy-bn254,legacy,Legacy BN254 / EIP-1108,approximately 80,Istanbul-compatible EIP-1108 and EIP-2028,state,plonk,1048576,977.0,1152.0,3,1248.0,0.0,19968.0,eip2028,321800,362768.0,32,5,3500.0,11386.5,0.199264
reproduction-evm-gas-v2,modeled,legacy-bn254,legacy,Legacy BN254 / EIP-1108,approximately 80,Istanbul-compatible EIP-1108 and EIP-2028,state,plonk,1048576,977.0,1152.0,3,1248.0,0.0,19968.0,eip2028,321800,362768.0,32,20,3500.0,11386.5,0.797055
reproduction-evm-gas-v2,modeled,legacy-bn254,legacy,Legacy BN254 / EIP-1108,approximately 80,Istanbul-compatible EIP-1108 and EIP-2028,state,plonk,1048576,977.0,1152.0,3,1248.0,0.0,19968.0,eip2028,321800,362768.0,32,100,3500.0,11386.5,3.985275
reproduction-evm-gas-v2,modeled,legacy-bn254,legacy,Legacy BN254 / EIP-1108,approximately 80,Istanbul-compatible EIP-1108 and EIP-2028,state,plonk,1048576,977.0,1152.0,3,1248.0,0.0,19968.0,eip2028,321800,362768.0,64,5,3500.0,5718.25,0.100069
reproduction-evm-gas-v2,modeled,legacy-bn254,legacy,Legacy BN254 / EIP-1108,approximately 80,Istanbul-compatible EIP-1108 and EIP-2028,state,plonk,1048576,977.0,1152.0,3,1248.0,0.0,19968.0,eip2028,321800,362768.0,64,20,3500.0,5718.25,0.400278
reproduction-evm-gas-v2,modeled,legacy-bn254,legacy,Legacy BN254 / EIP-1108,approximately 80,Istanbul-compatible EIP-1108 and EIP-2028,state,plonk,1048576,977.0,1152.0,3,1248.0,0.0,19968.0,eip2028,321800,362768.0,64,100,3500.0,5718.25,2.001388
reproduction-evm-gas-v2,modeled,legacy-bn254,legacy,Legacy BN254 / EIP-1108,approximately 80,Istanbul-compatible EIP-1108 and EIP-2028,state,plonk,1048576,977.0,1152.0,3,1248.0,0.0,19968.0,eip2028,321800,362768.0,128,5,3500.0,2884.125,0.050472
reproduction-evm-gas-v2,modeled,legacy-bn254,legacy,Legacy BN254 / EIP-1108,approximately 80,Istanbul-compatible EIP-1108 and EIP-2028,state,plonk,1048576,977.0,1152.0,3,1248.0,0.0,19968.0,eip2028,321800,362768.0,128,20,3500.0,2884.125,0.201889
reproduction-evm-gas-v2,modeled,legacy-bn254,legacy,Legacy BN254 / EIP-1108,approximately 80,Istanbul-compatible EIP-1108 and EIP-2028,state,plonk,1048576,977.0,1152.0,3,1248.0,0.0,19968.0,eip2028,321800,362768.0,128,100,3500.0,2884.125,1.009444
reproduction-evm-gas-v2,modeled,legacy-bn254,legacy,Legacy BN254 / EIP-1108,approximately 80,Istanbul-compatible EIP-1108 and EIP-2028,state,plonk,1048576,977.0,1152.0,3,1248.0,0.0,19968.0,eip2028,321800,362768.0,256,5,3500.0,1467.0625,0.025674
reproduction-evm-gas-v2,modeled,legacy-bn254,legacy,Legacy BN254 / EIP-1108,approximately 80,Istanbul-compatible EIP-1108 and EIP-2028,state,plonk,1048576,977.0,1152.0,3,1248.0,0.0,19968.0,eip2028,321800,362768.0,256,20,3500.0,1467.0625,0.102694
reproduction-evm-gas-v2,modeled,legacy-bn254,legacy,Legacy BN254 / EIP-1108,approximately 80,Istanbul-compatible EIP-1108 and EIP-2028,state,plonk,1048576,977.0,1152.0,3,1248.0,0.0,19968.0,eip2028,321800,362768.0,256,100,3500.0,1467.0625,0.513472
reproduction-evm-gas-v2,modeled,legacy-bn254,legacy,Legacy BN254 / EIP-1108,approximately 80,Istanbul-compatible EIP-1108 and EIP-2028,state,plonk,1048576,977.0,1152.0,3,1248.0,0.0,19968.0,eip2028,321800,362768.0,512,5,3500.0,758.53125,0.013274
reproduction-evm-gas-v2,modeled,legacy-bn254,legacy,Legacy BN254 / EIP-1108,approximately 80,Istanbul-compatible EIP-1108 and EIP-2028,state,plonk,1048576,977.0,1152.0,3,1248.0,0.0,19968.0,eip2028,321800,362768.0,512,20,3500.0,758.53125,0.053097
reproduction-evm-gas-v2,modeled,legacy-bn254,legacy,Legacy BN254 / EIP-1108,approximately 80,Istanbul-compatible EIP-1108 and EIP-2028,state,plonk,1048576,977.0,1152.0,3,1248.0,0.0,19968.0,eip2028,321800,362768.0,512,100,3500.0,758.53125,0.265486
reproduction-evm-gas-v2,modeled,legacy-bn254,legacy,Legacy BN254 / EIP-1108,approximately 80,Istanbul-compatible EIP-1108 and EIP-2028,state,plonk,1048576,977.0,1152.0,3,1248.0,0.0,19968.0,eip2028,321800,362768.0,1024,5,3500.0,404.265625,0.007075
reproduction-evm-gas-v2,modeled,legacy-bn254,legacy,Legacy BN254 / EIP-1108,approximately 80,Istanbul-compatible EIP-1108 and EIP-2028,state,plonk,1048576,977.0,1152.0,3,1248.0,0.0,19968.0,eip2028,321800,362768.0,1024,20,3500.0,404.265625,0.028299
reproduction-evm-gas-v2,modeled,legacy-bn254,legacy,Legacy BN254 / EIP-1108,approximately 80,Istanbul-compatible EIP-1108 and EIP-2028,state,plonk,1048576,977.0,1152.0,3,1248.0,0.0,19968.0,eip2028,321800,362768.0,1024,100,3500.0,404.265625,0.141493
reproduction-evm-gas-v2,modeled,legacy-bn254,legacy,Legacy BN254 / EIP-1108,approximately 80,Istanbul-compatible EIP-1108 and EIP-2028,state,plonk,1048576,977.0,1152.0,3,1248.0,0.0,19968.0,eip2028,321800,362768.0,2048,5,3500.0,227.132812,0.003975
reproduction-evm-gas-v2,modeled,legacy-bn254,legacy,Legacy BN254 / EIP-1108,approximately 80,Istanbul-compatible EIP-1108 and EIP-2028,state,plonk,1048576,977.0,1152.0,3,1248.0,0.0,19968.0,eip2028,321800,362768.0,2048,20,3500.0,227.132812,0.015899
reproduction-evm-gas-v2,modeled,legacy-bn254,legacy,Legacy BN254 / EIP-1108,approximately 80,Istanbul-compatible EIP-1108 and EIP-2028,state,plonk,1048576,977.0,1152.0,3,1248.0,0.0,19968.0,eip2028,321800,362768.0,2048,100,3500.0,227.132812,0.079496
reproduction-evm-gas-v2,modeled,legacy-bn254,legacy,Legacy BN254 / EIP-1108,approximately 80,Istanbul-compatible EIP-1108 and EIP-2028,state,plonk,1048576,977.0,1152.0,3,1248.0,0.0,19968.0,eip2028,321800,362768.0,4096,5,3500.0,138.566406,0.002425
reproduction-evm-gas-v2,modeled,legacy-bn254,legacy,Legacy BN254 / EIP-1108,approximately 80,Istanbul-compatible EIP-1108 and EIP-2028,state,plonk,1048576,977.0,1152.0,3,1248.0,0.0,19968.0,eip2028,321800,362768.0,4096,20,3500.0,138.566406,0.0097
reproduction-evm-gas-v2,modeled,legacy-bn254,legacy,Legacy BN254 / EIP-1108,approximately 80,Istanbul-compatible EIP-1108 and EIP-2028,state,plonk,1048576,977.0,1152.0,3,1248.0,0.0,19968.0,eip2028,321800,362768.0,4096,100,3500.0,138.566406,0.048498
reproduction-evm-gas-v2,modeled,legacy-bn254,legacy,Legacy BN254 / EIP-1108,approximately 80,Istanbul-compatible EIP-1108 and EIP-2028,state,stark,1048576,99314.0,99314.0,3,99410.0,0.0,1590560.0,eip2028,2000000,3611560.0,1,5,3500.0,3611610.0,63.203175
reproduction-evm-gas-v2,modeled,legacy-bn254,legacy,Legacy BN254 / EIP-1108,approximately 80,Istanbul-compatible EIP-1108 and EIP-2028,state,stark,1048576,99314.0,99314.0,3,99410.0,0.0,1590560.0,eip2028,2000000,3611560.0,1,20,3500.0,3611610.0,252.8127
reproduction-evm-gas-v2,modeled,legacy-bn254,legacy,Legacy BN254 / EIP-1108,approximately 80,Istanbul-compatible EIP-1108 and EIP-2028,state,stark,1048576,99314.0,99314.0,3,99410.0,0.0,1590560.0,eip2028,2000000,3611560.0,1,100,3500.0,3611610.0,1264.0635
reproduction-evm-gas-v2,modeled,legacy-bn254,legacy,Legacy BN254 / EIP-1108,approximately 80,Istanbul-compatible EIP-1108 and EIP-2028,state,stark,1048576,99314.0,99314.0,3,99410.0,0.0,1590560.0,eip2028,2000000,3611560.0,2,5,3500.0,1805830.0,31.602025
reproduction-evm-gas-v2,modeled,legacy-bn254,legacy,Legacy BN254 / EIP-1108,approximately 80,Istanbul-compatible EIP-1108 and EIP-2028,state,stark,1048576,99314.0,99314.0,3,99410.0,0.0,1590560.0,eip2028,2000000,3611560.0,2,20,3500.0,1805830.0,126.4081
reproduction-evm-gas-v2,modeled,legacy-bn254,legacy,Legacy BN254 / EIP-1108,approximately 80,Istanbul-compatible EIP-1108 and EIP-2028,state,stark,1048576,99314.0,99314.0,3,99410.0,0.0,1590560.0,eip2028,2000000,3611560.0,2,100,3500.0,1805830.0,632.0405
reproduction-evm-gas-v2,modeled,legacy-bn254,legacy,Legacy BN254 / EIP-1108,approximately 80,Istanbul-compatible EIP-1108 and EIP-2028,state,stark,1048576,99314.0,99314.0,3,99410.0,0.0,1590560.0,eip2028,2000000,3611560.0,4,5,3500.0,902940.0,15.80145
reproduction-evm-gas-v2,modeled,legacy-bn254,legacy,Legacy BN254 / EIP-1108,approximately 80,Istanbul-compatible EIP-1108 and EIP-2028,state,stark,1048576,99314.0,99314.0,3,99410.0,0.0,1590560.0,eip2028,2000000,3611560.0,4,20,3500.0,902940.0,63.2058
reproduction-evm-gas-v2,modeled,legacy-bn254,legacy,Legacy BN254 / EIP-1108,approximately 80,Istanbul-compatible EIP-1108 and EIP-2028,state,stark,1048576,99314.0,99314.0,3,99410.0,0.0,1590560.0,eip2028,2000000,3611560.0,4,100,3500.0,902940.0,316.029
reproduction-evm-gas-v2,modeled,legacy-bn254,legacy,Legacy BN254 / EIP-1108,approximately 80,Istanbul-compatible EIP-1108 and EIP-2028,state,stark,1048576,99314.0,99314.0,3,99410.0,0.0,1590560.0,eip2028,2000000,3611560.0,8,5,3500.0,451495.0,7.901163
reproduction-evm-gas-v2,modeled,legacy-bn254,legacy,Legacy BN254 / EIP-1108,approximately 80,Istanbul-compatible EIP-1108 and EIP-2028,state,stark,1048576,99314.0,99314.0,3,99410.0,0.0,1590560.0,eip2028,2000000,3611560.0,8,20,3500.0,451495.0,31.60465
reproduction-evm-gas-v2,modeled,legacy-bn254,legacy,Legacy BN254 / EIP-1108,approximately 80,Istanbul-compatible EIP-1108 and EIP-2028,state,stark,1048576,99314.0,99314.0,3,99410.0,0.0,1590560.0,eip2028,2000000,3611560.0,8,100,3500.0,451495.0,158.02325
reproduction-evm-gas-v2,modeled,legacy-bn254,legacy,Legacy BN254 / EIP-1108,approximately 80,Istanbul-compatible EIP-1108 and EIP-2028,state,stark,1048576,99314.0,99314.0,3,99410.0,0.0,1590560.0,eip2028,2000000,3611560.0,16,5,3500.0,225772.5,3.951019
reproduction-evm-gas-v2,modeled,legacy-bn254,legacy,Legacy BN254 / EIP-1108,approximately 80,Istanbul-compatible EIP-1108 and EIP-2028,state,stark,1048576,99314.0,99314.0,3,99410.0,0.0,1590560.0,eip2028,2000000,3611560.0,16,20,3500.0,225772.5,15.804075
reproduction-evm-gas-v2,modeled,legacy-bn254,legacy,Legacy BN254 / EIP-1108,approximately 80,Istanbul-compatible EIP-1108 and EIP-2028,state,stark,1048576,99314.0,99314.0,3,99410.0,0.0,1590560.0,eip2028,2000000,3611560.0,16,100,3500.0,225772.5,79.020375
reproduction-evm-gas-v2,modeled,legacy-bn254,legacy,Legacy BN254 / EIP-1108,approximately 80,Istanbul-compatible EIP-1108 and EIP-2028,state,stark,1048576,99314.0,99314.0,3,99410.0,0.0,1590560.0,eip2028,2000000,3611560.0,32,5,3500.0,112911.25,1.975947
reproduction-evm-gas-v2,modeled,legacy-bn254,legacy,Legacy BN254 / EIP-1108,approximately 80,Istanbul-compatible EIP-1108 and EIP-2028,state,stark,1048576,99314.0,99314.0,3,99410.0,0.0,1590560.0,eip2028,2000000,3611560.0,32,20,3500.0,112911.25,7.903787
reproduction-evm-gas-v2,modeled,legacy-bn254,legacy,Legacy BN254 / EIP-1108,approximately 80,Istanbul-compatible EIP-1108 and EIP-2028,state,stark,1048576,99314.0,99314.0,3,99410.0,0.0,1590560.0,eip2028,2000000,3611560.0,32,100,3500.0,112911.25,39.518937
reproduction-evm-gas-v2,modeled,legacy-bn254,legacy,Legacy BN254 / EIP-1108,approximately 80,Istanbul-compatible EIP-1108 and EIP-2028,state,stark,1048576,99314.0,99314.0,3,99410.0,0.0,1590560.0,eip2028,2000000,3611560.0,64,5,3500.0,56480.625,0.988411
reproduction-evm-gas-v2,modeled,legacy-bn254,legacy,Legacy BN254 / EIP-1108,approximately 80,Istanbul-compatible EIP-1108 and EIP-2028,state,stark,1048576,99314.0,99314.0,3,99410.0,0.0,1590560.0,eip2028,2000000,3611560.0,64,20,3500.0,56480.625,3.953644
reproduction-evm-gas-v2,modeled,legacy-bn254,legacy,Legacy BN254 / EIP-1108,approximately 80,Istanbul-compatible EIP-1108 and EIP-2028,state,stark,1048576,99314.0,99314.0,3,99410.0,0.0,1590560.0,eip2028,2000000,3611560.0,64,100,3500.0,56480.625,19.768219
reproduction-evm-gas-v2,modeled,legacy-bn254,legacy,Legacy BN254 / EIP-1108,approximately 80,Istanbul-compatible EIP-1108 and EIP-2028,state,stark,1048576,99314.0,99314.0,3,99410.0,0.0,1590560.0,eip2028,2000000,3611560.0,128,5,3500.0,28265.3125,0.494643
reproduction-evm-gas-v2,modeled,legacy-bn254,legacy,Legacy BN254 / EIP-1108,approximately 80,Istanbul-compatible EIP-1108 and EIP-2028,state,stark,1048576,99314.0,99314.0,3,99410.0,0.0,1590560.0,eip2028,2000000,3611560.0,128,20,3500.0,28265.3125,1.978572
reproduction-evm-gas-v2,modeled,legacy-bn254,legacy,Legacy BN254 / EIP-1108,approximately 80,Istanbul-compatible EIP-1108 and EIP-2028,state,stark,1048576,99314.0,99314.0,3,99410.0,0.0,1590560.0,eip2028,2000000,3611560.0,128,100,3500.0,28265.3125,9.892859
reproduction-evm-gas-v2,modeled,legacy-bn254,legacy,Legacy BN254 / EIP-1108,approximately 80,Istanbul-compatible EIP-1108 and EIP-2028,state,stark,1048576,99314.0,99314.0,3,99410.0,0.0,1590560.0,eip2028,2000000,3611560.0,256,5,3500.0,14157.65625,0.247759
reproduction-evm-gas-v2,modeled,legacy-bn254,legacy,Legacy BN254 / EIP-1108,approximately 80,Istanbul-compatible EIP-1108 and EIP-2028,state,stark,1048576,99314.0,99314.0,3,99410.0,0.0,1590560.0,eip2028,2000000,3611560.0,256,20,3500.0,14157.65625,0.991036
reproduction-evm-gas-v2,modeled,legacy-bn254,legacy,Legacy BN254 / EIP-1108,approximately 80,Istanbul-compatible EIP-1108 and EIP-2028,state,stark,1048576,99314.0,99314.0,3,99410.0,0.0,1590560.0,eip2028,2000000,3611560.0,256,100,3500.0,14157.65625,4.95518
reproduction-evm-gas-v2,modeled,legacy-bn254,legacy,Legacy BN254 / EIP-1108,approximately 80,Istanbul-compatible EIP-1108 and EIP-2028,state,stark,1048576,99314.0,99314.0,3,99410.0,0.0,1590560.0,eip2028,2000000,3611560.0,512,5,3500.0,7103.828125,0.124317
reproduction-evm-gas-v2,modeled,legacy-bn254,legacy,Legacy BN254 / EIP-1108,approximately 80,Istanbul-compatible EIP-1108 and EIP-2028,state,stark,1048576,99314.0,99314.0,3,99410.0,0.0,1590560.0,eip2028,2000000,3611560.0,512,20,3500.0,7103.828125,0.497268
reproduction-evm-gas-v2,modeled,legacy-bn254,legacy,Legacy BN254 / EIP-1108,approximately 80,Istanbul-compatible EIP-1108 and EIP-2028,state,stark,1048576,99314.0,99314.0,3,99410.0,0.0,1590560.0,eip2028,2000000,3611560.0,512,100,3500.0,7103.828125,2.48634
reproduction-evm-gas-v2,modeled,legacy-bn254,legacy,Legacy BN254 / EIP-1108,approximately 80,Istanbul-compatible EIP-1108 and EIP-2028,state,stark,1048576,99314.0,99314.0,3,99410.0,0.0,1590560.0,eip2028,2000000,3611560.0,1024,5,3500.0,3576.914062,0.062596
reproduction-evm-gas-v2,modeled,legacy-bn254,legacy,Legacy BN254 / EIP-1108,approximately 80,Istanbul-compatible EIP-1108 and EIP-2028,state,stark,1048576,99314.0,99314.0,3,99410.0,0.0,1590560.0,eip2028,2000000,3611560.0,1024,20,3500.0,3576.914062,0.250384
reproduction-evm-gas-v2,modeled,legacy-bn254,legacy,Legacy BN254 / EIP-1108,approximately 80,Istanbul-compatible EIP-1108 and EIP-2028,state,stark,1048576,99314.0,99314.0,3,99410.0,0.0,1590560.0,eip2028,2000000,3611560.0,1024,100,3500.0,3576.914062,1.25192
reproduction-evm-gas-v2,modeled,legacy-bn254,legacy,Legacy BN254 / EIP-1108,approximately 80,Istanbul-compatible EIP-1108 and EIP-2028,state,stark,1048576,99314.0,99314.0,3,99410.0,0.0,1590560.0,eip2028,2000000,3611560.0,2048,5,3500.0,1813.457031,0.031735
reproduction-evm-gas-v2,modeled,legacy-bn254,legacy,Legacy BN254 / EIP-1108,approximately 80,Istanbul-compatible EIP-1108 and EIP-2028,state,stark,1048576,99314.0,99314.0,3,99410.0,0.0,1590560.0,eip2028,2000000,3611560.0,2048,20,3500.0,1813.457031,0.126942
reproduction-evm-gas-v2,modeled,legacy-bn254,legacy,Legacy BN254 / EIP-1108,approximately 80,Istanbul-compatible EIP-1108 and EIP-2028,state,stark,1048576,99314.0,99314.0,3,99410.0,0.0,1590560.0,eip2028,2000000,3611560.0,2048,100,3500.0,1813.457031,0.63471
reproduction-evm-gas-v2,modeled,legacy-bn254,legacy,Legacy BN254 / EIP-1108,approximately 80,Istanbul-compatible EIP-1108 and EIP-2028,state,stark,1048576,99314.0,99314.0,3,99410.0,0.0,1590560.0,eip2028,2000000,3611560.0,4096,5,3500.0,931.728516,0.016305
reproduction-evm-gas-v2,modeled,legacy-bn254,legacy,Legacy BN254 / EIP-1108,approximately 80,Istanbul-compatible EIP-1108 and EIP-2028,state,stark,1048576,99314.0,99314.0,3,99410.0,0.0,1590560.0,eip2028,2000000,3611560.0,4096,20,3500.0,931.728516,0.065221
reproduction-evm-gas-v2,modeled,legacy-bn254,legacy,Legacy BN254 / EIP-1108,approximately 80,Istanbul-compatible EIP-1108 and EIP-2028,state,stark,1048576,99314.0,99314.0,3,99410.0,0.0,1590560.0,eip2028,2000000,3611560.0,4096,100,3500.0,931.728516,0.326105
reproduction-evm-gas-v2,modeled,pectra-bls12-381,primary,Pectra BLS12-381 / EIP-2537,120+,Pectra/Isthmus-compatible EIP-2537 and EIP-7623,state,groth16,1048576,192.0,512.0,3,608.0,2432.0,9728.0,standard,206356,237084.0,1,5,3500.0,237134.0,4.149845
reproduction-evm-gas-v2,modeled,pectra-bls12-381,primary,Pectra BLS12-381 / EIP-2537,120+,Pectra/Isthmus-compatible EIP-2537 and EIP-7623,state,groth16,1048576,192.0,512.0,3,608.0,2432.0,9728.0,standard,206356,237084.0,1,20,3500.0,237134.0,16.59938
reproduction-evm-gas-v2,modeled,pectra-bls12-381,primary,Pectra BLS12-381 / EIP-2537,120+,Pectra/Isthmus-compatible EIP-2537 and EIP-7623,state,groth16,1048576,192.0,512.0,3,608.0,2432.0,9728.0,standard,206356,237084.0,1,100,3500.0,237134.0,82.9969
reproduction-evm-gas-v2,modeled,pectra-bls12-381,primary,Pectra BLS12-381 / EIP-2537,120+,Pectra/Isthmus-compatible EIP-2537 and EIP-7623,state,groth16,1048576,192.0,512.0,3,608.0,2432.0,9728.0,standard,206356,237084.0,2,5,3500.0,118592.0,2.07536
reproduction-evm-gas-v2,modeled,pectra-bls12-381,primary,Pectra BLS12-381 / EIP-2537,120+,Pectra/Isthmus-compatible EIP-2537 and EIP-7623,state,groth16,1048576,192.0,512.0,3,608.0,2432.0,9728.0,standard,206356,237084.0,2,20,3500.0,118592.0,8.30144
reproduction-evm-gas-v2,modeled,pectra-bls12-381,primary,Pectra BLS12-381 / EIP-2537,120+,Pectra/Isthmus-compatible EIP-2537 and EIP-7623,state,groth16,1048576,192.0,512.0,3,608.0,2432.0,9728.0,standard,206356,237084.0,2,100,3500.0,118592.0,41.5072
reproduction-evm-gas-v2,modeled,pectra-bls12-381,primary,Pectra BLS12-381 / EIP-2537,120+,Pectra/Isthmus-compatible EIP-2537 and EIP-7623,state,groth16,1048576,192.0,512.0,3,608.0,2432.0,9728.0,standard,206356,237084.0,4,5,3500.0,59321.0,1.038118
reproduction-evm-gas-v2,modeled,pectra-bls12-381,primary,Pectra BLS12-381 / EIP-2537,120+,Pectra/Isthmus-compatible EIP-2537 and EIP-7623,state,groth16,1048576,192.0,512.0,3,608.0,2432.0,9728.0,standard,206356,237084.0,4,20,3500.0,59321.0,4.15247
reproduction-evm-gas-v2,modeled,pectra-bls12-381,primary,Pectra BLS12-381 / EIP-2537,120+,Pectra/Isthmus-compatible EIP-2537 and EIP-7623,state,groth16,1048576,192.0,512.0,3,608.0,2432.0,9728.0,standard,206356,237084.0,4,100,3500.0,59321.0,20.76235
reproduction-evm-gas-v2,modeled,pectra-bls12-381,primary,Pectra BLS12-381 / EIP-2537,120+,Pectra/Isthmus-compatible EIP-2537 and EIP-7623,state,groth16,1048576,192.0,512.0,3,608.0,2432.0,9728.0,standard,206356,237084.0,8,5,3500.0,29685.5,0.519496
reproduction-evm-gas-v2,modeled,pectra-bls12-381,primary,Pectra BLS12-381 / EIP-2537,120+,Pectra/Isthmus-compatible EIP-2537 and EIP-7623,state,groth16,1048576,192.0,512.0,3,608.0,2432.0,9728.0,standard,206356,237084.0,8,20,3500.0,29685.5,2.077985
reproduction-evm-gas-v2,modeled,pectra-bls12-381,primary,Pectra BLS12-381 / EIP-2537,120+,Pectra/Isthmus-compatible EIP-2537 and EIP-7623,state,groth16,1048576,192.0,512.0,3,608.0,2432.0,9728.0,standard,206356,237084.0,8,100,3500.0,29685.5,10.389925
reproduction-evm-gas-v2,modeled,pectra-bls12-381,primary,Pectra BLS12-381 / EIP-2537,120+,Pectra/Isthmus-compatible EIP-2537 and EIP-7623,state,groth16,1048576,192.0,512.0,3,608.0,2432.0,9728.0,standard,206356,237084.0,16,5,3500.0,14867.75,0.260186
reproduction-evm-gas-v2,modeled,pectra-bls12-381,primary,Pectra BLS12-381 / EIP-2537,120+,Pectra/Isthmus-compatible EIP-2537 and EIP-7623,state,groth16,1048576,192.0,512.0,3,608.0,2432.0,9728.0,standard,206356,237084.0,16,20,3500.0,14867.75,1.040743
reproduction-evm-gas-v2,modeled,pectra-bls12-381,primary,Pectra BLS12-381 / EIP-2537,120+,Pectra/Isthmus-compatible EIP-2537 and EIP-7623,state,groth16,1048576,192.0,512.0,3,608.0,2432.0,9728.0,standard,206356,237084.0,16,100,3500.0,14867.75,5.203712
reproduction-evm-gas-v2,modeled,pectra-bls12-381,primary,Pectra BLS12-381 / EIP-2537,120+,Pectra/Isthmus-compatible EIP-2537 and EIP-7623,state,groth16,1048576,192.0,512.0,3,608.0,2432.0,9728.0,standard,206356,237084.0,32,5,3500.0,7458.875,0.13053
reproduction-evm-gas-v2,modeled,pectra-bls12-381,primary,Pectra BLS12-381 / EIP-2537,120+,Pectra/Isthmus-compatible EIP-2537 and EIP-7623,state,groth16,1048576,192.0,512.0,3,608.0,2432.0,9728.0,standard,206356,237084.0,32,20,3500.0,7458.875,0.522121
reproduction-evm-gas-v2,modeled,pectra-bls12-381,primary,Pectra BLS12-381 / EIP-2537,120+,Pectra/Isthmus-compatible EIP-2537 and EIP-7623,state,groth16,1048576,192.0,512.0,3,608.0,2432.0,9728.0,standard,206356,237084.0,32,100,3500.0,7458.875,2.610606
reproduction-evm-gas-v2,modeled,pectra-bls12-381,primary,Pectra BLS12-381 / EIP-2537,120+,Pectra/Isthmus-compatible EIP-2537 and EIP-7623,state,groth16,1048576,192.0,512.0,3,608.0,2432.0,9728.0,standard,206356,237084.0,64,5,3500.0,3754.4375,0.065703
reproduction-evm-gas-v2,modeled,pectra-bls12-381,primary,Pectra BLS12-381 / EIP-2537,120+,Pectra/Isthmus-compatible EIP-2537 and EIP-7623,state,groth16,1048576,192.0,512.0,3,608.0,2432.0,9728.0,standard,206356,237084.0,64,20,3500.0,3754.4375,0.262811
reproduction-evm-gas-v2,modeled,pectra-bls12-381,primary,Pectra BLS12-381 / EIP-2537,120+,Pectra/Isthmus-compatible EIP-2537 and EIP-7623,state,groth16,1048576,192.0,512.0,3,608.0,2432.0,9728.0,standard,206356,237084.0,64,100,3500.0,3754.4375,1.314053
reproduction-evm-gas-v2,modeled,pectra-bls12-381,primary,Pectra BLS12-381 / EIP-2537,120+,Pectra/Isthmus-compatible EIP-2537 and EIP-7623,state,groth16,1048576,192.0,512.0,3,608.0,2432.0,9728.0,standard,206356,237084.0,128,5,3500.0,1902.21875,0.033289
reproduction-evm-gas-v2,modeled,pectra-bls12-381,primary,Pectra BLS12-381 / EIP-2537,120+,Pectra/Isthmus-compatible EIP-2537 and EIP-7623,state,groth16,1048576,192.0,512.0,3,608.0,2432.0,9728.0,standard,206356,237084.0,128,20,3500.0,1902.21875,0.133155
reproduction-evm-gas-v2,modeled,pectra-bls12-381,primary,Pectra BLS12-381 / EIP-2537,120+,Pectra/Isthmus-compatible EIP-2537 and EIP-7623,state,groth16,1048576,192.0,512.0,3,608.0,2432.0,9728.0,standard,206356,237084.0,128,100,3500.0,1902.21875,0.665777
reproduction-evm-gas-v2,modeled,pectra-bls12-381,primary,Pectra BLS12-381 / EIP-2537,120+,Pectra/Isthmus-compatible EIP-2537 and EIP-7623,state,groth16,1048576,192.0,512.0,3,608.0,2432.0,9728.0,standard,206356,237084.0,256,5,3500.0,976.109375,0.017082
reproduction-evm-gas-v2,modeled,pectra-bls12-381,primary,Pectra BLS12-381 / EIP-2537,120+,Pectra/Isthmus-compatible EIP-2537 and EIP-7623,state,groth16,1048576,192.0,512.0,3,608.0,2432.0,9728.0,standard,206356,237084.0,256,20,3500.0,976.109375,0.068328
reproduction-evm-gas-v2,modeled,pectra-bls12-381,primary,Pectra BLS12-381 / EIP-2537,120+,Pectra/Isthmus-compatible EIP-2537 and EIP-7623,state,groth16,1048576,192.0,512.0,3,608.0,2432.0,9728.0,standard,206356,237084.0,256,100,3500.0,976.109375,0.341638
reproduction-evm-gas-v2,modeled,pectra-bls12-381,primary,Pectra BLS12-381 / EIP-2537,120+,Pectra/Isthmus-compatible EIP-2537 and EIP-7623,state,groth16,1048576,192.0,512.0,3,608.0,2432.0,9728.0,standard,206356,237084.0,512,5,3500.0,513.054688,0.008978
reproduction-evm-gas-v2,modeled,pectra-bls12-381,primary,Pectra BLS12-381 / EIP-2537,120+,Pectra/Isthmus-compatible EIP-2537 and EIP-7623,state,groth16,1048576,192.0,512.0,3,608.0,2432.0,9728.0,standard,206356,237084.0,512,20,3500.0,513.054688,0.035914
reproduction-evm-gas-v2,modeled,pectra-bls12-381,primary,Pectra BLS12-381 / EIP-2537,120+,Pectra/Isthmus-compatible EIP-2537 and EIP-7623,state,groth16,1048576,192.0,512.0,3,608.0,2432.0,9728.0,standard,206356,237084.0,512,100,3500.0,513.054688,0.179569
reproduction-evm-gas-v2,modeled,pectra-bls12-381,primary,Pectra BLS12-381 / EIP-2537,120+,Pectra/Isthmus-compatible EIP-2537 and EIP-7623,state,groth16,1048576,192.0,512.0,3,608.0,2432.0,9728.0,standard,206356,237084.0,1024,5,3500.0,281.527344,0.004927
reproduction-evm-gas-v2,modeled,pectra-bls12-381,primary,Pectra BLS12-381 / EIP-2537,120+,Pectra/Isthmus-compatible EIP-2537 and EIP-7623,state,groth16,1048576,192.0,512.0,3,608.0,2432.0,9728.0,standard,206356,237084.0,1024,20,3500.0,281.527344,0.019707
reproduction-evm-gas-v2,modeled,pectra-bls12-381,primary,Pectra BLS12-381 / EIP-2537,120+,Pectra/Isthmus-compatible EIP-2537 and EIP-7623,state,groth16,1048576,192.0,512.0,3,608.0,2432.0,9728.0,standard,206356,237084.0,1024,100,3500.0,281.527344,0.098535
reproduction-evm-gas-v2,modeled,pectra-bls12-381,primary,Pectra BLS12-381 / EIP-2537,120+,Pectra/Isthmus-compatible EIP-2537 and EIP-7623,state,groth16,1048576,192.0,512.0,3,608.0,2432.0,9728.0,standard,206356,237084.0,2048,5,3500.0,165.763672,0.002901
reproduction-evm-gas-v2,modeled,pectra-bls12-381,primary,Pectra BLS12-381 / EIP-2537,120+,Pectra/Isthmus-compatible EIP-2537 and EIP-7623,state,groth16,1048576,192.0,512.0,3,608.0,2432.0,9728.0,standard,206356,237084.0,2048,20,3500.0,165.763672,0.011603
reproduction-evm-gas-v2,modeled,pectra-bls12-381,primary,Pectra BLS12-381 / EIP-2537,120+,Pectra/Isthmus-compatible EIP-2537 and EIP-7623,state,groth16,1048576,192.0,512.0,3,608.0,2432.0,9728.0,standard,206356,237084.0,2048,100,3500.0,165.763672,0.058017
reproduction-evm-gas-v2,modeled,pectra-bls12-381,primary,Pectra BLS12-381 / EIP-2537,120+,Pectra/Isthmus-compatible EIP-2537 and EIP-7623,state,groth16,1048576,192.0,512.0,3,608.0,2432.0,9728.0,standard,206356,237084.0,4096,5,3500.0,107.881836,0.001888
reproduction-evm-gas-v2,modeled,pectra-bls12-381,primary,Pectra BLS12-381 / EIP-2537,120+,Pectra/Isthmus-compatible EIP-2537 and EIP-7623,state,groth16,1048576,192.0,512.0,3,608.0,2432.0,9728.0,standard,206356,237084.0,4096,20,3500.0,107.881836,0.007552
reproduction-evm-gas-v2,modeled,pectra-bls12-381,primary,Pectra BLS12-381 / EIP-2537,120+,Pectra/Isthmus-compatible EIP-2537 and EIP-7623,state,groth16,1048576,192.0,512.0,3,608.0,2432.0,9728.0,standard,206356,237084.0,4096,100,3500.0,107.881836,0.037759
reproduction-evm-gas-v2,modeled,pectra-bls12-381,primary,Pectra BLS12-381 / EIP-2537,120+,Pectra/Isthmus-compatible EIP-2537 and EIP-7623,state,plonk,1048576,977.0,1984.0,3,2080.0,8320.0,33280.0,standard,366444,420724.0,1,5,3500.0,420774.0,7.363545
reproduction-evm-gas-v2,modeled,pectra-bls12-381,primary,Pectra BLS12-381 / EIP-2537,120+,Pectra/Isthmus-compatible EIP-2537 and EIP-7623,state,plonk,1048576,977.0,1984.0,3,2080.0,8320.0,33280.0,standard,366444,420724.0,1,20,3500.0,420774.0,29.45418
reproduction-evm-gas-v2,modeled,pectra-bls12-381,primary,Pectra BLS12-381 / EIP-2537,120+,Pectra/Isthmus-compatible EIP-2537 and EIP-7623,state,plonk,1048576,977.0,1984.0,3,2080.0,8320.0,33280.0,standard,366444,420724.0,1,100,3500.0,420774.0,147.2709
reproduction-evm-gas-v2,modeled,pectra-bls12-381,primary,Pectra BLS12-381 / EIP-2537,120+,Pectra/Isthmus-compatible EIP-2537 and EIP-7623,state,plonk,1048576,977.0,1984.0,3,2080.0,8320.0,33280.0,standard,366444,420724.0,2,5,3500.0,210412.0,3.68221
reproduction-evm-gas-v2,modeled,pectra-bls12-381,primary,Pectra BLS12-381 / EIP-2537,120+,Pectra/Isthmus-compatible EIP-2537 and EIP-7623,state,plonk,1048576,977.0,1984.0,3,2080.0,8320.0,33280.0,standard,366444,420724.0,2,20,3500.0,210412.0,14.72884
reproduction-evm-gas-v2,modeled,pectra-bls12-381,primary,Pectra BLS12-381 / EIP-2537,120+,Pectra/Isthmus-compatible EIP-2537 and EIP-7623,state,plonk,1048576,977.0,1984.0,3,2080.0,8320.0,33280.0,standard,366444,420724.0,2,100,3500.0,210412.0,73.6442
reproduction-evm-gas-v2,modeled,pectra-bls12-381,primary,Pectra BLS12-381 / EIP-2537,120+,Pectra/Isthmus-compatible EIP-2537 and EIP-7623,state,plonk,1048576,977.0,1984.0,3,2080.0,8320.0,33280.0,standard,366444,420724.0,4,5,3500.0,105231.0,1.841543
reproduction-evm-gas-v2,modeled,pectra-bls12-381,primary,Pectra BLS12-381 / EIP-2537,120+,Pectra/Isthmus-compatible EIP-2537 and EIP-7623,state,plonk,1048576,977.0,1984.0,3,2080.0,8320.0,33280.0,standard,366444,420724.0,4,20,3500.0,105231.0,7.36617
reproduction-evm-gas-v2,modeled,pectra-bls12-381,primary,Pectra BLS12-381 / EIP-2537,120+,Pectra/Isthmus-compatible EIP-2537 and EIP-7623,state,plonk,1048576,977.0,1984.0,3,2080.0,8320.0,33280.0,standard,366444,420724.0,4,100,3500.0,105231.0,36.83085
reproduction-evm-gas-v2,modeled,pectra-bls12-381,primary,Pectra BLS12-381 / EIP-2537,120+,Pectra/Isthmus-compatible EIP-2537 and EIP-7623,state,plonk,1048576,977.0,1984.0,3,2080.0,8320.0,33280.0,standard,366444,420724.0,8,5,3500.0,52640.5,0.921209
reproduction-evm-gas-v2,modeled,pectra-bls12-381,primary,Pectra BLS12-381 / EIP-2537,120+,Pectra/Isthmus-compatible EIP-2537 and EIP-7623,state,plonk,1048576,977.0,1984.0,3,2080.0,8320.0,33280.0,standard,366444,420724.0,8,20,3500.0,52640.5,3.684835
reproduction-evm-gas-v2,modeled,pectra-bls12-381,primary,Pectra BLS12-381 / EIP-2537,120+,Pectra/Isthmus-compatible EIP-2537 and EIP-7623,state,plonk,1048576,977.0,1984.0,3,2080.0,8320.0,33280.0,standard,366444,420724.0,8,100,3500.0,52640.5,18.424175
reproduction-evm-gas-v2,modeled,pectra-bls12-381,primary,Pectra BLS12-381 / EIP-2537,120+,Pectra/Isthmus-compatible EIP-2537 and EIP-7623,state,plonk,1048576,977.0,1984.0,3,2080.0,8320.0,33280.0,standard,366444,420724.0,16,5,3500.0,26345.25,0.461042
reproduction-evm-gas-v2,modeled,pectra-bls12-381,primary,Pectra BLS12-381 / EIP-2537,120+,Pectra/Isthmus-compatible EIP-2537 and EIP-7623,state,plonk,1048576,977.0,1984.0,3,2080.0,8320.0,33280.0,standard,366444,420724.0,16,20,3500.0,26345.25,1.844168
reproduction-evm-gas-v2,modeled,pectra-bls12-381,primary,Pectra BLS12-381 / EIP-2537,120+,Pectra/Isthmus-compatible EIP-2537 and EIP-7623,state,plonk,1048576,977.0,1984.0,3,2080.0,8320.0,33280.0,standard,366444,420724.0,16,100,3500.0,26345.25,9.220838
reproduction-evm-gas-v2,modeled,pectra-bls12-381,primary,Pectra BLS12-381 / EIP-2537,120+,Pectra/Isthmus-compatible EIP-2537 and EIP-7623,state,plonk,1048576,977.0,1984.0,3,2080.0,8320.0,33280.0,standard,366444,420724.0,32,5,3500.0,13197.625,0.230958
reproduction-evm-gas-v2,modeled,pectra-bls12-381,primary,Pectra BLS12-381 / EIP-2537,120+,Pectra/Isthmus-compatible EIP-2537 and EIP-7623,state,plonk,1048576,977.0,1984.0,3,2080.0,8320.0,33280.0,standard,366444,420724.0,32,20,3500.0,13197.625,0.923834
reproduction-evm-gas-v2,modeled,pectra-bls12-381,primary,Pectra BLS12-381 / EIP-2537,120+,Pectra/Isthmus-compatible EIP-2537 and EIP-7623,state,plonk,1048576,977.0,1984.0,3,2080.0,8320.0,33280.0,standard,366444,420724.0,32,100,3500.0,13197.625,4.619169
reproduction-evm-gas-v2,modeled,pectra-bls12-381,primary,Pectra BLS12-381 / EIP-2537,120+,Pectra/Isthmus-compatible EIP-2537 and EIP-7623,state,plonk,1048576,977.0,1984.0,3,2080.0,8320.0,33280.0,standard,366444,420724.0,64,5,3500.0,6623.8125,0.115917
reproduction-evm-gas-v2,modeled,pectra-bls12-381,primary,Pectra BLS12-381 / EIP-2537,120+,Pectra/Isthmus-compatible EIP-2537 and EIP-7623,state,plonk,1048576,977.0,1984.0,3,2080.0,8320.0,33280.0,standard,366444,420724.0,64,20,3500.0,6623.8125,0.463667
reproduction-evm-gas-v2,modeled,pectra-bls12-381,primary,Pectra BLS12-381 / EIP-2537,120+,Pectra/Isthmus-compatible EIP-2537 and EIP-7623,state,plonk,1048576,977.0,1984.0,3,2080.0,8320.0,33280.0,standard,366444,420724.0,64,100,3500.0,6623.8125,2.318334
reproduction-evm-gas-v2,modeled,pectra-bls12-381,primary,Pectra BLS12-381 / EIP-2537,120+,Pectra/Isthmus-compatible EIP-2537 and EIP-7623,state,plonk,1048576,977.0,1984.0,3,2080.0,8320.0,33280.0,standard,366444,420724.0,128,5,3500.0,3336.90625,0.058396
reproduction-evm-gas-v2,modeled,pectra-bls12-381,primary,Pectra BLS12-381 / EIP-2537,120+,Pectra/Isthmus-compatible EIP-2537 and EIP-7623,state,plonk,1048576,977.0,1984.0,3,2080.0,8320.0,33280.0,standard,366444,420724.0,128,20,3500.0,3336.90625,0.233583
reproduction-evm-gas-v2,modeled,pectra-bls12-381,primary,Pectra BLS12-381 / EIP-2537,120+,Pectra/Isthmus-compatible EIP-2537 and EIP-7623,state,plonk,1048576,977.0,1984.0,3,2080.0,8320.0,33280.0,standard,366444,420724.0,128,100,3500.0,3336.90625,1.167917
reproduction-evm-gas-v2,modeled,pectra-bls12-381,primary,Pectra BLS12-381 / EIP-2537,120+,Pectra/Isthmus-compatible EIP-2537 and EIP-7623,state,plonk,1048576,977.0,1984.0,3,2080.0,8320.0,33280.0,standard,366444,420724.0,256,5,3500.0,1693.453125,0.029635
reproduction-evm-gas-v2,modeled,pectra-bls12-381,primary,Pectra BLS12-381 / EIP-2537,120+,Pectra/Isthmus-compatible EIP-2537 and EIP-7623,state,plonk,1048576,977.0,1984.0,3,2080.0,8320.0,33280.0,standard,366444,420724.0,256,20,3500.0,1693.453125,0.118542
reproduction-evm-gas-v2,modeled,pectra-bls12-381,primary,Pectra BLS12-381 / EIP-2537,120+,Pectra/Isthmus-compatible EIP-2537 and EIP-7623,state,plonk,1048576,977.0,1984.0,3,2080.0,8320.0,33280.0,standard,366444,420724.0,256,100,3500.0,1693.453125,0.592709
reproduction-evm-gas-v2,modeled,pectra-bls12-381,primary,Pectra BLS12-381 / EIP-2537,120+,Pectra/Isthmus-compatible EIP-2537 and EIP-7623,state,plonk,1048576,977.0,1984.0,3,2080.0,8320.0,33280.0,standard,366444,420724.0,512,5,3500.0,871.726562,0.015255
reproduction-evm-gas-v2,modeled,pectra-bls12-381,primary,Pectra BLS12-381 / EIP-2537,120+,Pectra/Isthmus-compatible EIP-2537 and EIP-7623,state,plonk,1048576,977.0,1984.0,3,2080.0,8320.0,33280.0,standard,366444,420724.0,512,20,3500.0,871.726562,0.061021
reproduction-evm-gas-v2,modeled,pectra-bls12-381,primary,Pectra BLS12-381 / EIP-2537,120+,Pectra/Isthmus-compatible EIP-2537 and EIP-7623,state,plonk,1048576,977.0,1984.0,3,2080.0,8320.0,33280.0,standard,366444,420724.0,512,100,3500.0,871.726562,0.305104
reproduction-evm-gas-v2,modeled,pectra-bls12-381,primary,Pectra BLS12-381 / EIP-2537,120+,Pectra/Isthmus-compatible EIP-2537 and EIP-7623,state,plonk,1048576,977.0,1984.0,3,2080.0,8320.0,33280.0,standard,366444,420724.0,1024,5,3500.0,460.863281,0.008065
reproduction-evm-gas-v2,modeled,pectra-bls12-381,primary,Pectra BLS12-381 / EIP-2537,120+,Pectra/Isthmus-compatible EIP-2537 and EIP-7623,state,plonk,1048576,977.0,1984.0,3,2080.0,8320.0,33280.0,standard,366444,420724.0,1024,20,3500.0,460.863281,0.03226
reproduction-evm-gas-v2,modeled,pectra-bls12-381,primary,Pectra BLS12-381 / EIP-2537,120+,Pectra/Isthmus-compatible EIP-2537 and EIP-7623,state,plonk,1048576,977.0,1984.0,3,2080.0,8320.0,33280.0,standard,366444,420724.0,1024,100,3500.0,460.863281,0.161302
reproduction-evm-gas-v2,modeled,pectra-bls12-381,primary,Pectra BLS12-381 / EIP-2537,120+,Pectra/Isthmus-compatible EIP-2537 and EIP-7623,state,plonk,1048576,977.0,1984.0,3,2080.0,8320.0,33280.0,standard,366444,420724.0,2048,5,3500.0,255.431641,0.00447
reproduction-evm-gas-v2,modeled,pectra-bls12-381,primary,Pectra BLS12-381 / EIP-2537,120+,Pectra/Isthmus-compatible EIP-2537 and EIP-7623,state,plonk,1048576,977.0,1984.0,3,2080.0,8320.0,33280.0,standard,366444,420724.0,2048,20,3500.0,255.431641,0.01788
reproduction-evm-gas-v2,modeled,pectra-bls12-381,primary,Pectra BLS12-381 / EIP-2537,120+,Pectra/Isthmus-compatible EIP-2537 and EIP-7623,state,plonk,1048576,977.0,1984.0,3,2080.0,8320.0,33280.0,standard,366444,420724.0,2048,100,3500.0,255.431641,0.089401
reproduction-evm-gas-v2,modeled,pectra-bls12-381,primary,Pectra BLS12-381 / EIP-2537,120+,Pectra/Isthmus-compatible EIP-2537 and EIP-7623,state,plonk,1048576,977.0,1984.0,3,2080.0,8320.0,33280.0,standard,366444,420724.0,4096,5,3500.0,152.71582,0.002673
reproduction-evm-gas-v2,modeled,pectra-bls12-381,primary,Pectra BLS12-381 / EIP-2537,120+,Pectra/Isthmus-compatible EIP-2537 and EIP-7623,state,plonk,1048576,977.0,1984.0,3,2080.0,8320.0,33280.0,standard,366444,420724.0,4096,20,3500.0,152.71582,0.01069
reproduction-evm-gas-v2,modeled,pectra-bls12-381,primary,Pectra BLS12-381 / EIP-2537,120+,Pectra/Isthmus-compatible EIP-2537 and EIP-7623,state,plonk,1048576,977.0,1984.0,3,2080.0,8320.0,33280.0,standard,366444,420724.0,4096,100,3500.0,152.71582,0.053451
reproduction-evm-gas-v2,modeled,pectra-bls12-381,primary,Pectra BLS12-381 / EIP-2537,120+,Pectra/Isthmus-compatible EIP-2537 and EIP-7623,state,stark,1048576,99314.0,99314.0,3,99410.0,397640.0,1976400.0,eip7623-floor,2000000,3997400.0,1,5,3500.0,3997450.0,69.955375
reproduction-evm-gas-v2,modeled,pectra-bls12-381,primary,Pectra BLS12-381 / EIP-2537,120+,Pectra/Isthmus-compatible EIP-2537 and EIP-7623,state,stark,1048576,99314.0,99314.0,3,99410.0,397640.0,1976400.0,eip7623-floor,2000000,3997400.0,1,20,3500.0,3997450.0,279.8215
reproduction-evm-gas-v2,modeled,pectra-bls12-381,primary,Pectra BLS12-381 / EIP-2537,120+,Pectra/Isthmus-compatible EIP-2537 and EIP-7623,state,stark,1048576,99314.0,99314.0,3,99410.0,397640.0,1976400.0,eip7623-floor,2000000,3997400.0,1,100,3500.0,3997450.0,1399.1075
reproduction-evm-gas-v2,modeled,pectra-bls12-381,primary,Pectra BLS12-381 / EIP-2537,120+,Pectra/Isthmus-compatible EIP-2537 and EIP-7623,state,stark,1048576,99314.0,99314.0,3,99410.0,397640.0,1976400.0,eip7623-floor,2000000,3997400.0,2,5,3500.0,1998750.0,34.978125
reproduction-evm-gas-v2,modeled,pectra-bls12-381,primary,Pectra BLS12-381 / EIP-2537,120+,Pectra/Isthmus-compatible EIP-2537 and EIP-7623,state,stark,1048576,99314.0,99314.0,3,99410.0,397640.0,1976400.0,eip7623-floor,2000000,3997400.0,2,20,3500.0,1998750.0,139.9125
reproduction-evm-gas-v2,modeled,pectra-bls12-381,primary,Pectra BLS12-381 / EIP-2537,120+,Pectra/Isthmus-compatible EIP-2537 and EIP-7623,state,stark,1048576,99314.0,99314.0,3,99410.0,397640.0,1976400.0,eip7623-floor,2000000,3997400.0,2,100,3500.0,1998750.0,699.5625
reproduction-evm-gas-v2,modeled,pectra-bls12-381,primary,Pectra BLS12-381 / EIP-2537,120+,Pectra/Isthmus-compatible EIP-2537 and EIP-7623,state,stark,1048576,99314.0,99314.0,3,99410.0,397640.0,1976400.0,eip7623-floor,2000000,3997400.0,4,5,3500.0,999400.0,17.4895
reproduction-evm-gas-v2,modeled,pectra-bls12-381,primary,Pectra BLS12-381 / EIP-2537,120+,Pectra/Isthmus-compatible EIP-2537 and EIP-7623,state,stark,1048576,99314.0,99314.0,3,99410.0,397640.0,1976400.0,eip7623-floor,2000000,3997400.0,4,20,3500.0,999400.0,69.958
reproduction-evm-gas-v2,modeled,pectra-bls12-381,primary,Pectra BLS12-381 / EIP-2537,120+,Pectra/Isthmus-compatible EIP-2537 and EIP-7623,state,stark,1048576,99314.0,99314.0,3,99410.0,397640.0,1976400.0,eip7623-floor,2000000,3997400.0,4,100,3500.0,999400.0,349.79
reproduction-evm-gas-v2,modeled,pectra-bls12-381,primary,Pectra BLS12-381 / EIP-2537,120+,Pectra/Isthmus-compatible EIP-2537 and EIP-7623,state,stark,1048576,99314.0,99314.0,3,99410.0,397640.0,1976400.0,eip7623-floor,2000000,3997400.0,8,5,3500.0,499725.0,8.745188
reproduction-evm-gas-v2,modeled,pectra-bls12-381,primary,Pectra BLS12-381 / EIP-2537,120+,Pectra/Isthmus-compatible EIP-2537 and EIP-7623,state,stark,1048576,99314.0,99314.0,3,99410.0,397640.0,1976400.0,eip7623-floor,2000000,3997400.0,8,20,3500.0,499725.0,34.98075
reproduction-evm-gas-v2,modeled,pectra-bls12-381,primary,Pectra BLS12-381 / EIP-2537,120+,Pectra/Isthmus-compatible EIP-2537 and EIP-7623,state,stark,1048576,99314.0,99314.0,3,99410.0,397640.0,1976400.0,eip7623-floor,2000000,3997400.0,8,100,3500.0,499725.0,174.90375
reproduction-evm-gas-v2,modeled,pectra-bls12-381,primary,Pectra BLS12-381 / EIP-2537,120+,Pectra/Isthmus-compatible EIP-2537 and EIP-7623,state,stark,1048576,99314.0,99314.0,3,99410.0,397640.0,1976400.0,eip7623-floor,2000000,3997400.0,16,5,3500.0,249887.5,4.373031
reproduction-evm-gas-v2,modeled,pectra-bls12-381,primary,Pectra BLS12-381 / EIP-2537,120+,Pectra/Isthmus-compatible EIP-2537 and EIP-7623,state,stark,1048576,99314.0,99314.0,3,99410.0,397640.0,1976400.0,eip7623-floor,2000000,3997400.0,16,20,3500.0,249887.5,17.492125
reproduction-evm-gas-v2,modeled,pectra-bls12-381,primary,Pectra BLS12-381 / EIP-2537,120+,Pectra/Isthmus-compatible EIP-2537 and EIP-7623,state,stark,1048576,99314.0,99314.0,3,99410.0,397640.0,1976400.0,eip7623-floor,2000000,3997400.0,16,100,3500.0,249887.5,87.460625
reproduction-evm-gas-v2,modeled,pectra-bls12-381,primary,Pectra BLS12-381 / EIP-2537,120+,Pectra/Isthmus-compatible EIP-2537 and EIP-7623,state,stark,1048576,99314.0,99314.0,3,99410.0,397640.0,1976400.0,eip7623-floor,2000000,3997400.0,32,5,3500.0,124968.75,2.186953
reproduction-evm-gas-v2,modeled,pectra-bls12-381,primary,Pectra BLS12-381 / EIP-2537,120+,Pectra/Isthmus-compatible EIP-2537 and EIP-7623,state,stark,1048576,99314.0,99314.0,3,99410.0,397640.0,1976400.0,eip7623-floor,2000000,3997400.0,32,20,3500.0,124968.75,8.747813
reproduction-evm-gas-v2,modeled,pectra-bls12-381,primary,Pectra BLS12-381 / EIP-2537,120+,Pectra/Isthmus-compatible EIP-2537 and EIP-7623,state,stark,1048576,99314.0,99314.0,3,99410.0,397640.0,1976400.0,eip7623-floor,2000000,3997400.0,32,100,3500.0,124968.75,43.739063
reproduction-evm-gas-v2,modeled,pectra-bls12-381,primary,Pectra BLS12-381 / EIP-2537,120+,Pectra/Isthmus-compatible EIP-2537 and EIP-7623,state,stark,1048576,99314.0,99314.0,3,99410.0,397640.0,1976400.0,eip7623-floor,2000000,3997400.0,64,5,3500.0,62509.375,1.093914
reproduction-evm-gas-v2,modeled,pectra-bls12-381,primary,Pectra BLS12-381 / EIP-2537,120+,Pectra/Isthmus-compatible EIP-2537 and EIP-7623,state,stark,1048576,99314.0,99314.0,3,99410.0,397640.0,1976400.0,eip7623-floor,2000000,3997400.0,64,20,3500.0,62509.375,4.375656
reproduction-evm-gas-v2,modeled,pectra-bls12-381,primary,Pectra BLS12-381 / EIP-2537,120+,Pectra/Isthmus-compatible EIP-2537 and EIP-7623,state,stark,1048576,99314.0,99314.0,3,99410.0,397640.0,1976400.0,eip7623-floor,2000000,3997400.0,64,100,3500.0,62509.375,21.878281
reproduction-evm-gas-v2,modeled,pectra-bls12-381,primary,Pectra BLS12-381 / EIP-2537,120+,Pectra/Isthmus-compatible EIP-2537 and EIP-7623,state,stark,1048576,99314.0,99314.0,3,99410.0,397640.0,1976400.0,eip7623-floor,2000000,3997400.0,128,5,3500.0,31279.6875,0.547395
reproduction-evm-gas-v2,modeled,pectra-bls12-381,primary,Pectra BLS12-381 / EIP-2537,120+,Pectra/Isthmus-compatible EIP-2537 and EIP-7623,state,stark,1048576,99314.0,99314.0,3,99410.0,397640.0,1976400.0,eip7623-floor,2000000,3997400.0,128,20,3500.0,31279.6875,2.189578
reproduction-evm-gas-v2,modeled,pectra-bls12-381,primary,Pectra BLS12-381 / EIP-2537,120+,Pectra/Isthmus-compatible EIP-2537 and EIP-7623,state,stark,1048576,99314.0,99314.0,3,99410.0,397640.0,1976400.0,eip7623-floor,2000000,3997400.0,128,100,3500.0,31279.6875,10.947891
reproduction-evm-gas-v2,modeled,pectra-bls12-381,primary,Pectra BLS12-381 / EIP-2537,120+,Pectra/Isthmus-compatible EIP-2537 and EIP-7623,state,stark,1048576,99314.0,99314.0,3,99410.0,397640.0,1976400.0,eip7623-floor,2000000,3997400.0,256,5,3500.0,15664.84375,0.274135
reproduction-evm-gas-v2,modeled,pectra-bls12-381,primary,Pectra BLS12-381 / EIP-2537,120+,Pectra/Isthmus-compatible EIP-2537 and EIP-7623,state,stark,1048576,99314.0,99314.0,3,99410.0,397640.0,1976400.0,eip7623-floor,2000000,3997400.0,256,20,3500.0,15664.84375,1.096539
reproduction-evm-gas-v2,modeled,pectra-bls12-381,primary,Pectra BLS12-381 / EIP-2537,120+,Pectra/Isthmus-compatible EIP-2537 and EIP-7623,state,stark,1048576,99314.0,99314.0,3,99410.0,397640.0,1976400.0,eip7623-floor,2000000,3997400.0,256,100,3500.0,15664.84375,5.482695
reproduction-evm-gas-v2,modeled,pectra-bls12-381,primary,Pectra BLS12-381 / EIP-2537,120+,Pectra/Isthmus-compatible EIP-2537 and EIP-7623,state,stark,1048576,99314.0,99314.0,3,99410.0,397640.0,1976400.0,eip7623-floor,2000000,3997400.0,512,5,3500.0,7857.421875,0.137505
reproduction-evm-gas-v2,modeled,pectra-bls12-381,primary,Pectra BLS12-381 / EIP-2537,120+,Pectra/Isthmus-compatible EIP-2537 and EIP-7623,state,stark,1048576,99314.0,99314.0,3,99410.0,397640.0,1976400.0,eip7623-floor,2000000,3997400.0,512,20,3500.0,7857.421875,0.55002
reproduction-evm-gas-v2,modeled,pectra-bls12-381,primary,Pectra BLS12-381 / EIP-2537,120+,Pectra/Isthmus-compatible EIP-2537 and EIP-7623,state,stark,1048576,99314.0,99314.0,3,99410.0,397640.0,1976400.0,eip7623-floor,2000000,3997400.0,512,100,3500.0,7857.421875,2.750098
reproduction-evm-gas-v2,modeled,pectra-bls12-381,primary,Pectra BLS12-381 / EIP-2537,120+,Pectra/Isthmus-compatible EIP-2537 and EIP-7623,state,stark,1048576,99314.0,99314.0,3,99410.0,397640.0,1976400.0,eip7623-floor,2000000,3997400.0,1024,5,3500.0,3953.710938,0.06919
reproduction-evm-gas-v2,modeled,pectra-bls12-381,primary,Pectra BLS12-381 / EIP-2537,120+,Pectra/Isthmus-compatible EIP-2537 and EIP-7623,state,stark,1048576,99314.0,99314.0,3,99410.0,397640.0,1976400.0,eip7623-floor,2000000,3997400.0,1024,20,3500.0,3953.710938,0.27676
reproduction-evm-gas-v2,modeled,pectra-bls12-381,primary,Pectra BLS12-381 / EIP-2537,120+,Pectra/Isthmus-compatible EIP-2537 and EIP-7623,state,stark,1048576,99314.0,99314.0,3,99410.0,397640.0,1976400.0,eip7623-floor,2000000,3997400.0,1024,100,3500.0,3953.710938,1.383799
reproduction-evm-gas-v2,modeled,pectra-bls12-381,primary,Pectra BLS12-381 / EIP-2537,120+,Pectra/Isthmus-compatible EIP-2537 and EIP-7623,state,stark,1048576,99314.0,99314.0,3,99410.0,397640.0,1976400.0,eip7623-floor,2000000,3997400.0,2048,5,3500.0,2001.855469,0.035032
reproduction-evm-gas-v2,modeled,pectra-bls12-381,primary,Pectra BLS12-381 / EIP-2537,120+,Pectra/Isthmus-compatible EIP-2537 and EIP-7623,state,stark,1048576,99314.0,99314.0,3,99410.0,397640.0,1976400.0,eip7623-floor,2000000,3997400.0,2048,20,3500.0,2001.855469,0.14013
reproduction-evm-gas-v2,modeled,pectra-bls12-381,primary,Pectra BLS12-381 / EIP-2537,120+,Pectra/Isthmus-compatible EIP-2537 and EIP-7623,state,stark,1048576,99314.0,99314.0,3,99410.0,397640.0,1976400.0,eip7623-floor,2000000,3997400.0,2048,100,3500.0,2001.855469,0.700649
reproduction-evm-gas-v2,modeled,pectra-bls12-381,primary,Pectra BLS12-381 / EIP-2537,120+,Pectra/Isthmus-compatible EIP-2537 and EIP-7623,state,stark,1048576,99314.0,99314.0,3,99410.0,397640.0,1976400.0,eip7623-floor,2000000,3997400.0,4096,5,3500.0,1025.927734,0.017954
reproduction-evm-gas-v2,modeled,pectra-bls12-381,primary,Pectra BLS12-381 / EIP-2537,120+,Pectra/Isthmus-compatible EIP-2537 and EIP-7623,state,stark,1048576,99314.0,99314.0,3,99410.0,397640.0,1976400.0,eip7623-floor,2000000,3997400.0,4096,20,3500.0,1025.927734,0.071815
reproduction-evm-gas-v2,modeled,pectra-bls12-381,primary,Pectra BLS12-381 / EIP-2537,120+,Pectra/Isthmus-compatible EIP-2537 and EIP-7623,state,stark,1048576,99314.0,99314.0,3,99410.0,397640.0,1976400.0,eip7623-floor,2000000,3997400.0,4096,100,3500.0,1025.927734,0.359075
