curve,operation,size,threads,serial_elapsed_ns_p50,parallel_elapsed_ns_p50,speedup,efficiency
BLS12-377,field_add,2,2,476.000000,92186.500000,0.00516345,0.00258172
BLS12-377,field_add,2,4,476.000000,181142.000000,0.00262777,0.00065694
BLS12-377,field_add,2,8,476.000000,430544.500000,0.00110558,0.00013820
BLS12-377,field_add,4,2,536.000000,93593.000000,0.00572692,0.00286346
BLS12-377,field_add,4,4,536.000000,191937.000000,0.00279258,0.00069815
BLS12-377,field_add,4,8,536.000000,476797.500000,0.00112417,0.00014052
BLS12-377,field_add,8,2,576.500000,90631.500000,0.00636092,0.00318046
BLS12-377,field_add,8,4,576.500000,165292.500000,0.00348776,0.00087194
BLS12-377,field_add,8,8,576.500000,430005.000000,0.00134068,0.00016759
BLS12-377,field_add,16,2,796.500000,98159.000000,0.00811439,0.00405719
BLS12-377,field_add,16,4,796.500000,177136.000000,0.00449655,0.00112414
BLS12-377,field_add,16,8,796.500000,460527.500000,0.00172954,0.00021619
BLS12-377,field_add,32,2,1293.000000,111333.500000,0.01161376,0.00580688
BLS12-377,field_add,32,4,1293.000000,172035.000000,0.00751591,0.00187898
BLS12-377,field_add,32,8,1293.000000,524627.000000,0.00246461,0.00030808
BLS12-377,field_add,64,2,1878.000000,106874.000000,0.01757209,0.00878605
BLS12-377,field_add,64,4,1878.000000,223298.000000,0.00841029,0.00210257
BLS12-377,field_add,64,8,1878.000000,469884.500000,0.00399673,0.00049959
BLS12-377,field_add,128,2,3587.000000,93870.000000,0.03821242,0.01910621
BLS12-377,field_add,128,4,3587.000000,230628.000000,0.01555319,0.00388830
BLS12-377,field_add,128,8,3587.000000,487667.500000,0.00735542,0.00091943
BLS12-377,field_add,256,2,6061.500000,106629.000000,0.05684664,0.02842332
BLS12-377,field_add,256,4,6061.500000,233143.000000,0.02599906,0.00649977
BLS12-377,field_add,256,8,6061.500000,544481.000000,0.01113262,0.00139158
BLS12-377,field_add,512,2,11160.500000,106891.000000,0.10441010,0.05220505
BLS12-377,field_add,512,4,11160.500000,194632.000000,0.05734155,0.01433539
BLS12-377,field_add,512,8,11160.500000,566594.500000,0.01969751,0.00246219
BLS12-377,field_inv,2,2,75280.000000,129643.500000,0.58066930,0.29033465
BLS12-377,field_inv,2,4,75280.000000,190492.500000,0.39518616,0.09879654
BLS12-377,field_inv,2,8,75280.000000,541553.000000,0.13900763,0.01737595
BLS12-377,field_inv,4,2,113120.500000,178344.500000,0.63428084,0.31714042
BLS12-377,field_inv,4,4,113120.500000,200959.000000,0.56290338,0.14072584
BLS12-377,field_inv,4,8,113120.500000,537665.500000,0.21039196,0.02629900
BLS12-377,field_inv,8,2,172626.500000,206739.000000,0.83499727,0.41749863
BLS12-377,field_inv,8,4,172626.500000,214870.500000,0.80339786,0.20084947
BLS12-377,field_inv,8,8,172626.500000,596798.000000,0.28925449,0.03615681
BLS12-377,field_inv,16,2,319334.000000,303455.000000,1.05232736,0.52616368
BLS12-377,field_inv,16,4,319334.000000,270137.500000,1.18211651,0.29552913
BLS12-377,field_inv,16,8,319334.000000,623649.500000,0.51204082,0.06400510
BLS12-377,field_inv,32,2,582369.500000,462235.500000,1.25989782,0.62994891
BLS12-377,field_inv,32,4,582369.500000,401777.500000,1.44948261,0.36237065
BLS12-377,field_inv,32,8,582369.500000,658871.500000,0.88388935,0.11048617
BLS12-377,field_inv,64,2,1147770.500000,806691.500000,1.42281219,0.71140610
BLS12-377,field_inv,64,4,1147770.500000,596593.000000,1.92387524,0.48096881
BLS12-377,field_inv,64,8,1147770.500000,672970.000000,1.70552996,0.21319125
BLS12-377,field_inv,128,2,2321088.500000,1373646.000000,1.68972829,0.84486414
BLS12-377,field_inv,128,4,2321088.500000,905213.000000,2.56413518,0.64103380
BLS12-377,field_inv,128,8,2321088.500000,869193.500000,2.67039330,0.33379916
BLS12-377,field_inv,256,2,4361943.000000,2428375.000000,1.79623946,0.89811973
BLS12-377,field_inv,256,4,4361943.000000,1480352.000000,2.94655798,0.73663950
BLS12-377,field_inv,256,8,4361943.000000,1179031.500000,3.69959836,0.46244979
BLS12-377,field_inv,512,2,8566095.000000,4603968.000000,1.86058960,0.93029480
BLS12-377,field_inv,512,4,8566095.000000,2541175.500000,3.37091830,0.84272958
BLS12-377,field_inv,512,8,8566095.000000,1756386.500000,4.87711275,0.60963909
BLS12-377,field_mul,2,2,601.000000,95889.000000,0.00626766,0.00313383
BLS12-377,field_mul,2,4,601.000000,236716.000000,0.00253891,0.00063473
BLS12-377,field_mul,2,8,601.000000,436300.500000,0.00137749,0.00017219
BLS12-377,field_mul,4,2,841.500000,97426.000000,0.00863732,0.00431866
BLS12-377,field_mul,4,4,841.500000,170951.000000,0.00492246,0.00123062
BLS12-377,field_mul,4,8,841.500000,469899.500000,0.00179081,0.00022385
BLS12-377,field_mul,8,2,1532.500000,97244.500000,0.01575925,0.00787962
BLS12-377,field_mul,8,4,1532.500000,200222.000000,0.00765400,0.00191350
BLS12-377,field_mul,8,8,1532.500000,462673.500000,0.00331227,0.00041403
BLS12-377,field_mul,16,2,2760.000000,93043.500000,0.02966354,0.01483177
BLS12-377,field_mul,16,4,2760.000000,223423.000000,0.01235325,0.00308831
BLS12-377,field_mul,16,8,2760.000000,499582.000000,0.00552462,0.00069058
BLS12-377,field_mul,32,2,5274.500000,90946.500000,0.05799563,0.02899782
BLS12-377,field_mul,32,4,5274.500000,220079.000000,0.02396639,0.00599160
BLS12-377,field_mul,32,8,5274.500000,550892.500000,0.00957446,0.00119681
BLS12-377,field_mul,64,2,8405.000000,103838.500000,0.08094300,0.04047150
BLS12-377,field_mul,64,4,8405.000000,215827.000000,0.03894323,0.00973581
BLS12-377,field_mul,64,8,8405.000000,596532.500000,0.01408976,0.00176122
BLS12-377,field_mul,128,2,18144.000000,108762.500000,0.16682220,0.08341110
BLS12-377,field_mul,128,4,18144.000000,197470.000000,0.09188231,0.02297058
BLS12-377,field_mul,128,8,18144.000000,518465.000000,0.03499561,0.00437445
BLS12-377,field_mul,256,2,35170.500000,112855.500000,0.31164188,0.15582094
BLS12-377,field_mul,256,4,35170.500000,198325.000000,0.17733770,0.04433443
BLS12-377,field_mul,256,8,35170.500000,475301.500000,0.07399619,0.00924952
BLS12-377,field_mul,512,2,64199.500000,150838.500000,0.42561747,0.21280873
BLS12-377,field_mul,512,4,64199.500000,195965.000000,0.32760697,0.08190174
BLS12-377,field_mul,512,8,64199.500000,607315.000000,0.10571038,0.01321380
BLS12-377,multi_pairing,2,2,12393381.500000,6636788.500000,1.86737629,0.93368815
BLS12-377,multi_pairing,2,4,12393381.500000,3599519.000000,3.44306600,0.86076650
BLS12-377,multi_pairing,2,8,12393381.500000,2669779.000000,4.64210015,0.58026252
BLS12-377,multi_pairing,4,2,18009521.500000,9008292.500000,1.99921589,0.99960794
BLS12-377,multi_pairing,4,4,18009521.500000,5007937.000000,3.59619570,0.89904892
BLS12-377,multi_pairing,4,8,18009521.500000,3127034.500000,5.75929735,0.71991217
BLS12-377,multi_pairing,8,2,31450230.500000,15167892.500000,2.07347398,1.03673699
BLS12-377,multi_pairing,8,4,31450230.500000,7945394.000000,3.95829716,0.98957429
BLS12-377,multi_pairing,8,8,31450230.500000,5285807.500000,5.94993868,0.74374234
BLS12-377,multi_pairing,16,2,57910553.500000,27957927.000000,2.07134647,1.03567324
BLS12-377,multi_pairing,16,4,57910553.500000,14336735.000000,4.03931254,1.00982814
BLS12-377,multi_pairing,16,8,57910553.500000,10335836.500000,5.60288986,0.70036123
BLS12-377,multi_pairing,32,2,106278372.500000,53542228.000000,1.98494490,0.99247245
BLS12-377,multi_pairing,32,4,106278372.500000,27208124.000000,3.90612644,0.97653161
BLS12-377,multi_pairing,32,8,106278372.500000,17427580.500000,6.09828613,0.76228577
BLS12-377,multi_pairing,64,2,200835584.000000,103416355.000000,1.94200989,0.97100494
BLS12-377,multi_pairing,64,4,200835584.000000,51932154.500000,3.86726848,0.96681712
BLS12-377,multi_pairing,64,8,200835584.000000,35381150.000000,5.67634416,0.70954302
BLS12-377,ntt,2,2,1623.000000,103285.000000,0.01571380,0.00785690
BLS12-377,ntt,2,4,1623.000000,165898.000000,0.00978312,0.00244578
BLS12-377,ntt,2,8,1623.000000,623058.000000,0.00260489,0.00032561
BLS12-377,ntt,4,2,2820.500000,87077.000000,0.03239087,0.01619544
BLS12-377,ntt,4,4,2820.500000,149531.500000,0.01886225,0.00471556
BLS12-377,ntt,4,8,2820.500000,509484.000000,0.00553599,0.00069200
BLS12-377,ntt,8,2,5621.000000,91881.500000,0.06117662,0.03058831
BLS12-377,ntt,8,4,5621.000000,174778.500000,0.03216071,0.00804018
BLS12-377,ntt,8,8,5621.000000,537193.500000,0.01046364,0.00130796
BLS12-377,ntt,16,2,12789.000000,96337.000000,0.13275273,0.06637637
BLS12-377,ntt,16,4,12789.000000,175080.500000,0.07304640,0.01826160
BLS12-377,ntt,16,8,12789.000000,491394.500000,0.02602593,0.00325324
BLS12-377,ntt,32,2,24891.000000,118255.000000,0.21048581,0.10524291
BLS12-377,ntt,32,4,24891.000000,153943.500000,0.16168919,0.04042230
BLS12-377,ntt,32,8,24891.000000,507684.500000,0.04902848,0.00612856
BLS12-377,ntt,64,2,55153.000000,138195.500000,0.39909404,0.19954702
BLS12-377,ntt,64,4,55153.000000,175602.000000,0.31407957,0.07851989
BLS12-377,ntt,64,8,55153.000000,575223.000000,0.09588108,0.01198513
BLS12-377,ntt,128,2,132596.500000,174919.500000,0.75804299,0.37902149
BLS12-377,ntt,128,4,132596.500000,195664.500000,0.67767275,0.16941819
BLS12-377,ntt,128,8,132596.500000,550456.000000,0.24088483,0.03011060
BLS12-377,ntt,256,2,280652.500000,269948.000000,1.03965393,0.51982697
BLS12-377,ntt,256,4,280652.500000,280548.500000,1.00037070,0.25009268
BLS12-377,ntt,256,8,280652.500000,507571.500000,0.55293195,0.06911649
BLS12-377,ntt,512,2,648882.500000,486293.500000,1.33434335,0.66717168
BLS12-377,ntt,512,4,648882.500000,393412.000000,1.64937140,0.41234285
BLS12-377,ntt,512,8,648882.500000,633158.500000,1.02483422,0.12810428
BLS12-377-G1,msm,2,2,2217471.500000,1519533.500000,1.45931070,0.72965535
BLS12-377-G1,msm,2,4,2217471.500000,970195.500000,2.28559244,0.57139811
BLS12-377-G1,msm,2,8,2217471.500000,804583.000000,2.75605065,0.34450633
BLS12-377-G1,msm,4,2,3168356.000000,1948654.000000,1.62592025,0.81296013
BLS12-377-G1,msm,4,4,3168356.000000,1222335.000000,2.59205210,0.64801302
BLS12-377-G1,msm,4,8,3168356.000000,1068410.500000,2.96548564,0.37068571
BLS12-377-G1,msm,8,2,4588869.000000,2741648.000000,1.67376301,0.83688150
BLS12-377-G1,msm,8,4,4588869.000000,1646763.500000,2.78659868,0.69664967
BLS12-377-G1,msm,8,8,4588869.000000,1340572.500000,3.42306664,0.42788333
BLS12-377-G1,msm,16,2,7042259.500000,3949286.000000,1.78317283,0.89158642
BLS12-377-G1,msm,16,4,7042259.500000,2353887.500000,2.99175704,0.74793926
BLS12-377-G1,msm,16,8,7042259.500000,1979073.000000,3.55836268,0.44479533
BLS12-377-G1,msm,32,2,11735808.500000,6161974.000000,1.90455339,0.95227670
BLS12-377-G1,msm,32,4,11735808.500000,3610394.500000,3.25056126,0.81264032
BLS12-377-G1,msm,32,8,11735808.500000,2434029.000000,4.82155656,0.60269457
BLS12-377-G1,msm,64,2,19492946.000000,10444253.000000,1.86638010,0.93319005
BLS12-377-G1,msm,64,4,19492946.000000,5528535.000000,3.52587910,0.88146977
BLS12-377-G1,msm,64,8,19492946.000000,3427560.500000,5.68711945,0.71088993
BLS12-377-G1,msm,128,2,30476021.000000,15820022.000000,1.92642090,0.96321045
BLS12-377-G1,msm,128,4,30476021.000000,8210586.000000,3.71179609,0.92794902
BLS12-377-G1,msm,128,8,30476021.000000,6168105.500000,4.94090463,0.61761308
BLS12-377-G1,msm,256,2,52113151.000000,26680810.000000,1.95320723,0.97660362
BLS12-377-G1,msm,256,4,52113151.000000,13674207.500000,3.81105457,0.95276364
BLS12-377-G1,msm,256,8,52113151.000000,10651166.000000,4.89271794,0.61158974
BLS12-377-G1,msm,512,2,91313827.500000,46447147.500000,1.96597278,0.98298639
BLS12-377-G1,msm,512,4,91313827.500000,23582228.500000,3.87214582,0.96803645
BLS12-377-G1,msm,512,8,91313827.500000,15100803.500000,6.04695157,0.75586895
BLS12-381,field_add,2,2,391.000000,92497.000000,0.00422716,0.00211358
BLS12-381,field_add,2,4,391.000000,231671.000000,0.00168774,0.00042193
BLS12-381,field_add,2,8,391.000000,406351.000000,0.00096222,0.00012028
BLS12-381,field_add,4,2,440.500000,90270.500000,0.00487978,0.00243989
BLS12-381,field_add,4,4,440.500000,226629.000000,0.00194371,0.00048593
BLS12-381,field_add,4,8,440.500000,460447.000000,0.00095668,0.00011958
BLS12-381,field_add,8,2,581.000000,95077.000000,0.00611084,0.00305542
BLS12-381,field_add,8,4,581.000000,181753.500000,0.00319664,0.00079916
BLS12-381,field_add,8,8,581.000000,450525.000000,0.00128961,0.00016120
BLS12-381,field_add,16,2,796.500000,94051.500000,0.00846876,0.00423438
BLS12-381,field_add,16,4,796.500000,238804.500000,0.00333536,0.00083384
BLS12-381,field_add,16,8,796.500000,453482.500000,0.00175641,0.00021955
BLS12-381,field_add,32,2,1022.000000,84514.500000,0.01209260,0.00604630
BLS12-381,field_add,32,4,1022.000000,208118.000000,0.00491068,0.00122767
BLS12-381,field_add,32,8,1022.000000,445450.500000,0.00229431,0.00028679
BLS12-381,field_add,64,2,1433.000000,98919.000000,0.01448660,0.00724330
BLS12-381,field_add,64,4,1433.000000,231180.500000,0.00619862,0.00154965
BLS12-381,field_add,64,8,1433.000000,444211.500000,0.00322594,0.00040324
BLS12-381,field_add,128,2,2334.500000,101885.000000,0.02291309,0.01145654
BLS12-381,field_add,128,4,2334.500000,267050.500000,0.00874179,0.00218545
BLS12-381,field_add,128,8,2334.500000,456765.000000,0.00511094,0.00063887
BLS12-381,field_add,256,2,3697.000000,95284.500000,0.03879959,0.01939980
BLS12-381,field_add,256,4,3697.000000,156210.500000,0.02366678,0.00591670
BLS12-381,field_add,256,8,3697.000000,466983.000000,0.00791678,0.00098960
BLS12-381,field_add,512,2,7539.000000,96067.000000,0.07847648,0.03923824
BLS12-381,field_add,512,4,7539.000000,209284.500000,0.03602273,0.00900568
BLS12-381,field_add,512,8,7539.000000,519897.500000,0.01450094,0.00181262
BLS12-381,field_inv,2,2,78420.500000,135628.000000,0.57820288,0.28910144
BLS12-381,field_inv,2,4,78420.500000,191743.500000,0.40898648,0.10224662
BLS12-381,field_inv,2,8,78420.500000,615236.000000,0.12746410,0.01593301
BLS12-381,field_inv,4,2,113907.000000,165257.500000,0.68926978,0.34463489
BLS12-381,field_inv,4,4,113907.000000,204459.500000,0.55711278,0.13927819
BLS12-381,field_inv,4,8,113907.000000,581061.500000,0.19603261,0.02450408
BLS12-381,field_inv,8,2,204776.000000,226414.000000,0.90443170,0.45221585
BLS12-381,field_inv,8,4,204776.000000,226343.000000,0.90471541,0.22617885
BLS12-381,field_inv,8,8,204776.000000,622041.500000,0.32919990,0.04114999
BLS12-381,field_inv,16,2,335915.000000,300178.500000,1.11905083,0.55952542
BLS12-381,field_inv,16,4,335915.000000,335371.000000,1.00162208,0.25040552
BLS12-381,field_inv,16,8,335915.000000,626524.000000,0.53615664,0.06701958
BLS12-381,field_inv,32,2,652093.000000,463212.000000,1.40776362,0.70388181
BLS12-381,field_inv,32,4,652093.000000,455669.000000,1.43106729,0.35776682
BLS12-381,field_inv,32,8,652093.000000,623541.000000,1.04579009,0.13072376
BLS12-381,field_inv,64,2,1131175.000000,819605.500000,1.38014569,0.69007285
BLS12-381,field_inv,64,4,1131175.000000,609963.000000,1.85449773,0.46362443
BLS12-381,field_inv,64,8,1131175.000000,694232.000000,1.62939046,0.20367381
BLS12-381,field_inv,128,2,2227284.500000,1349784.000000,1.65010439,0.82505219
BLS12-381,field_inv,128,4,2227284.500000,938005.500000,2.37448981,0.59362245
BLS12-381,field_inv,128,8,2227284.500000,822017.500000,2.70953416,0.33869177
BLS12-381,field_inv,256,2,4399291.500000,2631226.000000,1.67195501,0.83597751
BLS12-381,field_inv,256,4,4399291.500000,1590578.500000,2.76584369,0.69146092
BLS12-381,field_inv,256,8,4399291.500000,1243840.000000,3.53686286,0.44210786
BLS12-381,field_inv,512,2,8769098.000000,5185760.500000,1.69099556,0.84549778
BLS12-381,field_inv,512,4,8769098.000000,2668644.500000,3.28597458,0.82149365
BLS12-381,field_inv,512,8,8769098.000000,2538313.500000,3.45469462,0.43183683
BLS12-381,field_mul,2,2,711.500000,87874.000000,0.00809682,0.00404841
BLS12-381,field_mul,2,4,711.500000,191466.500000,0.00371605,0.00092901
BLS12-381,field_mul,2,8,711.500000,477613.000000,0.00148970,0.00018621
BLS12-381,field_mul,4,2,897.000000,94118.000000,0.00953059,0.00476529
BLS12-381,field_mul,4,4,897.000000,262576.500000,0.00341615,0.00085404
BLS12-381,field_mul,4,8,897.000000,470931.000000,0.00190474,0.00023809
BLS12-381,field_mul,8,2,1578.000000,93105.500000,0.01694852,0.00847426
BLS12-381,field_mul,8,4,1578.000000,196140.000000,0.00804527,0.00201132
BLS12-381,field_mul,8,8,1578.000000,459152.500000,0.00343677,0.00042960
BLS12-381,field_mul,16,2,2515.000000,96801.000000,0.02598114,0.01299057
BLS12-381,field_mul,16,4,2515.000000,179018.000000,0.01404887,0.00351222
BLS12-381,field_mul,16,8,2515.000000,506205.000000,0.00496834,0.00062104
BLS12-381,field_mul,32,2,5214.500000,93416.500000,0.05581990,0.02790995
BLS12-381,field_mul,32,4,5214.500000,188464.000000,0.02766841,0.00691710
BLS12-381,field_mul,32,8,5214.500000,534628.000000,0.00975351,0.00121919
BLS12-381,field_mul,64,2,10419.000000,102998.000000,0.10115730,0.05057865
BLS12-381,field_mul,64,4,10419.000000,242492.000000,0.04296637,0.01074159
BLS12-381,field_mul,64,8,10419.000000,533347.500000,0.01953511,0.00244189
BLS12-381,field_mul,128,2,17102.000000,108890.000000,0.15705758,0.07852879
BLS12-381,field_mul,128,4,17102.000000,171103.500000,0.09995120,0.02498780
BLS12-381,field_mul,128,8,17102.000000,530814.500000,0.03221841,0.00402730
BLS12-381,field_mul,256,2,33883.000000,121171.000000,0.27962961,0.13981481
BLS12-381,field_mul,256,4,33883.000000,162397.000000,0.20864302,0.05216075
BLS12-381,field_mul,256,8,33883.000000,577071.000000,0.05871548,0.00733943
BLS12-381,field_mul,512,2,82404.000000,148131.000000,0.55629139,0.27814570
BLS12-381,field_mul,512,4,82404.000000,191662.000000,0.42994438,0.10748610
BLS12-381,field_mul,512,8,82404.000000,553453.000000,0.14889069,0.01861134
BLS12-381,multi_pairing,2,2,10384628.500000,5635958.500000,1.84256653,0.92128327
BLS12-381,multi_pairing,2,4,10384628.500000,3259582.000000,3.18587736,0.79646934
BLS12-381,multi_pairing,2,8,10384628.500000,2335006.500000,4.44736599,0.55592075
BLS12-381,multi_pairing,4,2,14889145.500000,7774218.500000,1.91519514,0.95759757
BLS12-381,multi_pairing,4,4,14889145.500000,4334517.000000,3.43501837,0.85875459
BLS12-381,multi_pairing,4,8,14889145.500000,2764830.500000,5.38519287,0.67314911
BLS12-381,multi_pairing,8,2,25048778.500000,13160830.000000,1.90328258,0.95164129
BLS12-381,multi_pairing,8,4,25048778.500000,6898950.500000,3.63081001,0.90770250
BLS12-381,multi_pairing,8,8,25048778.500000,4981480.500000,5.02838032,0.62854754
BLS12-381,multi_pairing,16,2,47497961.000000,23988195.500000,1.98005561,0.99002780
BLS12-381,multi_pairing,16,4,47497961.000000,12512612.500000,3.79600671,0.94900168
BLS12-381,multi_pairing,16,8,47497961.000000,9889076.500000,4.80307347,0.60038418
BLS12-381,multi_pairing,32,2,90680598.500000,45206776.500000,2.00590720,1.00295360
BLS12-381,multi_pairing,32,4,90680598.500000,23460527.000000,3.86524133,0.96631033
BLS12-381,multi_pairing,32,8,90680598.500000,16860763.500000,5.37820239,0.67227530
BLS12-381,multi_pairing,64,2,173921690.000000,90356181.000000,1.92484552,0.96242276
BLS12-381,multi_pairing,64,4,173921690.000000,45639160.000000,3.81079954,0.95269989
BLS12-381,multi_pairing,64,8,173921690.000000,32033815.000000,5.42931555,0.67866444
BLS12-381,ntt,2,2,1698.000000,89980.500000,0.01887076,0.00943538
BLS12-381,ntt,2,4,1698.000000,139269.500000,0.01219219,0.00304805
BLS12-381,ntt,2,8,1698.000000,533175.000000,0.00318470,0.00039809
BLS12-381,ntt,4,2,2875.000000,87197.500000,0.03297113,0.01648556
BLS12-381,ntt,4,4,2875.000000,157799.000000,0.01821938,0.00455485
BLS12-381,ntt,4,8,2875.000000,568891.000000,0.00505369,0.00063171
BLS12-381,ntt,8,2,5831.000000,91054.500000,0.06403857,0.03201929
BLS12-381,ntt,8,4,5831.000000,205562.500000,0.02836607,0.00709152
BLS12-381,ntt,8,8,5831.000000,551516.500000,0.01057267,0.00132158
BLS12-381,ntt,16,2,12468.000000,101799.500000,0.12247604,0.06123802
BLS12-381,ntt,16,4,12468.000000,189009.500000,0.06596494,0.01649123
BLS12-381,ntt,16,8,12468.000000,573447.500000,0.02174218,0.00271777
BLS12-381,ntt,32,2,27957.000000,111668.500000,0.25035708,0.12517854
BLS12-381,ntt,32,4,27957.000000,167446.500000,0.16696079,0.04174020
BLS12-381,ntt,32,8,27957.000000,553123.000000,0.05054391,0.00631799
BLS12-381,ntt,64,2,56860.500000,132787.500000,0.42820672,0.21410336
BLS12-381,ntt,64,4,56860.500000,164345.500000,0.34598148,0.08649537
BLS12-381,ntt,64,8,56860.500000,565164.500000,0.10060876,0.01257610
BLS12-381,ntt,128,2,146292.500000,182129.000000,0.80323562,0.40161781
BLS12-381,ntt,128,4,146292.500000,197195.000000,0.74186719,0.18546680
BLS12-381,ntt,128,8,146292.500000,573617.500000,0.25503493,0.03187937
BLS12-381,ntt,256,2,297052.500000,267204.500000,1.11170471,0.55585235
BLS12-381,ntt,256,4,297052.500000,312779.500000,0.94971857,0.23742964
BLS12-381,ntt,256,8,297052.500000,590834.500000,0.50276770,0.06284596
BLS12-381,ntt,512,2,657053.000000,563637.000000,1.16573788,0.58286894
BLS12-381,ntt,512,4,657053.000000,445282.500000,1.47558685,0.36889671
BLS12-381,ntt,512,8,657053.000000,567818.000000,1.15715423,0.14464428
BLS12-381-G1,msm,2,2,2294775.000000,1465775.500000,1.56557058,0.78278529
BLS12-381-G1,msm,2,4,2294775.000000,956812.000000,2.39835516,0.59958879
BLS12-381-G1,msm,2,8,2294775.000000,887666.500000,2.58517698,0.32314712
BLS12-381-G1,msm,4,2,3237523.500000,1929979.500000,1.67749113,0.83874557
BLS12-381-G1,msm,4,4,3237523.500000,1270592.000000,2.54804335,0.63701084
BLS12-381-G1,msm,4,8,3237523.500000,1105356.500000,2.92894057,0.36611757
BLS12-381-G1,msm,8,2,4672143.500000,2669147.500000,1.75042537,0.87521268
BLS12-381-G1,msm,8,4,4672143.500000,1649732.500000,2.83206126,0.70801531
BLS12-381-G1,msm,8,8,4672143.500000,1564179.500000,2.98696122,0.37337015
BLS12-381-G1,msm,16,2,7289663.500000,3899910.500000,1.86918738,0.93459369
BLS12-381-G1,msm,16,4,7289663.500000,2456350.000000,2.96768111,0.74192028
BLS12-381-G1,msm,16,8,7289663.500000,1863473.000000,3.91186966,0.48898371
BLS12-381-G1,msm,32,2,11904562.000000,6280266.000000,1.89555060,0.94777530
BLS12-381-G1,msm,32,4,11904562.000000,3579485.500000,3.32577461,0.83144365
BLS12-381-G1,msm,32,8,11904562.000000,2712086.500000,4.38944776,0.54868097
BLS12-381-G1,msm,64,2,19991823.000000,10120435.000000,1.97539167,0.98769584
BLS12-381-G1,msm,64,4,19991823.000000,5734869.000000,3.48601215,0.87150304
BLS12-381-G1,msm,64,8,19991823.000000,4703036.500000,4.25083305,0.53135413
BLS12-381-G1,msm,128,2,30750009.500000,15973989.000000,1.92500505,0.96250253
BLS12-381-G1,msm,128,4,30750009.500000,8277268.500000,3.71499481,0.92874870
BLS12-381-G1,msm,128,8,30750009.500000,5018268.000000,6.12761405,0.76595176
BLS12-381-G1,msm,256,2,53260696.500000,27030052.500000,1.97042520,0.98521260
BLS12-381-G1,msm,256,4,53260696.500000,13935432.000000,3.82196235,0.95549059
BLS12-381-G1,msm,256,8,53260696.500000,8644913.500000,6.16092879,0.77011610
BLS12-381-G1,msm,512,2,91856336.000000,46997874.000000,1.95447854,0.97723927
BLS12-381-G1,msm,512,4,91856336.000000,23870775.500000,3.84806669,0.96201667
BLS12-381-G1,msm,512,8,91856336.000000,14090445.500000,6.51905123,0.81488140
BN254,field_add,2,2,581.000000,78835.500000,0.00736978,0.00368489
BN254,field_add,2,4,581.000000,238123.000000,0.00243992,0.00060998
BN254,field_add,2,8,581.000000,523259.000000,0.00111035,0.00013879
BN254,field_add,4,2,726.000000,85326.500000,0.00850849,0.00425425
BN254,field_add,4,4,726.000000,249797.500000,0.00290635,0.00072659
BN254,field_add,4,8,726.000000,486621.500000,0.00149192,0.00018649
BN254,field_add,8,2,726.000000,93216.000000,0.00778836,0.00389418
BN254,field_add,8,4,726.000000,203500.000000,0.00356757,0.00089189
BN254,field_add,8,8,726.000000,437358.500000,0.00165997,0.00020750
BN254,field_add,16,2,921.500000,90767.500000,0.01015231,0.00507616
BN254,field_add,16,4,921.500000,248073.500000,0.00371462,0.00092866
BN254,field_add,16,8,921.500000,533060.000000,0.00172870,0.00021609
BN254,field_add,32,2,1427.500000,78311.500000,0.01822848,0.00911424
BN254,field_add,32,4,1427.500000,275162.500000,0.00518784,0.00129696
BN254,field_add,32,8,1427.500000,523541.500000,0.00272662,0.00034083
BN254,field_add,64,2,2369.500000,95453.000000,0.02482374,0.01241187
BN254,field_add,64,4,2369.500000,187479.000000,0.01263875,0.00315969
BN254,field_add,64,8,2369.500000,576099.500000,0.00411300,0.00051413
BN254,field_add,128,2,3176.000000,91353.500000,0.03476605,0.01738302
BN254,field_add,128,4,3176.000000,224776.000000,0.01412962,0.00353241
BN254,field_add,128,8,3176.000000,528542.000000,0.00600898,0.00075112
BN254,field_add,256,2,6342.000000,104426.500000,0.06073171,0.03036586
BN254,field_add,256,4,6342.000000,214248.500000,0.02960114,0.00740029
BN254,field_add,256,8,6342.000000,591169.000000,0.01072790,0.00134099
BN254,field_add,512,2,12287.500000,100404.500000,0.12237997,0.06118999
BN254,field_add,512,4,12287.500000,184538.500000,0.06658502,0.01664626
BN254,field_add,512,8,12287.500000,544865.500000,0.02255144,0.00281893
BN254,field_inv,2,2,76157.000000,139310.000000,0.54667289,0.27333644
BN254,field_inv,2,4,76157.000000,187867.000000,0.40537721,0.10134430
BN254,field_inv,2,8,76157.000000,684485.000000,0.11126175,0.01390772
BN254,field_inv,4,2,112915.000000,163984.000000,0.68857328,0.34428664
BN254,field_inv,4,4,112915.000000,212715.500000,0.53082639,0.13270660
BN254,field_inv,4,8,112915.000000,633233.000000,0.17831509,0.02228939
BN254,field_inv,8,2,189582.500000,205672.000000,0.92177107,0.46088554
BN254,field_inv,8,4,189582.500000,249222.000000,0.76069729,0.19017432
BN254,field_inv,8,8,189582.500000,617239.000000,0.30714602,0.03839325
BN254,field_inv,16,2,312677.000000,268474.500000,1.16464320,0.58232160
BN254,field_inv,16,4,312677.000000,311357.000000,1.00423951,0.25105988
BN254,field_inv,16,8,312677.000000,690694.500000,0.45269942,0.05658743
BN254,field_inv,32,2,576713.500000,456173.500000,1.26424157,0.63212078
BN254,field_inv,32,4,576713.500000,409669.500000,1.40775308,0.35193827
BN254,field_inv,32,8,576713.500000,685064.500000,0.84183825,0.10522978
BN254,field_inv,64,2,1133956.000000,726001.000000,1.56192071,0.78096036
BN254,field_inv,64,4,1133956.000000,574229.000000,1.97474527,0.49368632
BN254,field_inv,64,8,1133956.000000,763280.500000,1.48563470,0.18570434
BN254,field_inv,128,2,2229589.000000,1394763.500000,1.59854269,0.79927135
BN254,field_inv,128,4,2229589.000000,893921.000000,2.49416783,0.62354196
BN254,field_inv,128,8,2229589.000000,938711.500000,2.37515893,0.29689487
BN254,field_inv,256,2,4516359.500000,2691158.500000,1.67822129,0.83911065
BN254,field_inv,256,4,4516359.500000,1635157.000000,2.76203417,0.69050854
BN254,field_inv,256,8,4516359.500000,1314221.000000,3.43652970,0.42956621
BN254,field_inv,512,2,8674504.500000,4888558.000000,1.77445056,0.88722528
BN254,field_inv,512,4,8674504.500000,2617303.500000,3.31429064,0.82857266
BN254,field_inv,512,8,8674504.500000,1908471.000000,4.54526398,0.56815800
BN254,field_mul,2,2,681.500000,79901.500000,0.00852925,0.00426463
BN254,field_mul,2,4,681.500000,282204.500000,0.00241492,0.00060373
BN254,field_mul,2,8,681.500000,513951.500000,0.00132600,0.00016575
BN254,field_mul,4,2,1046.500000,90627.500000,0.01154727,0.00577363
BN254,field_mul,4,4,1046.500000,250029.500000,0.00418551,0.00104638
BN254,field_mul,4,8,1046.500000,518805.500000,0.00201713,0.00025214
BN254,field_mul,8,2,1683.500000,77794.500000,0.02164035,0.01082017
BN254,field_mul,8,4,1683.500000,229428.000000,0.00733781,0.00183445
BN254,field_mul,8,8,1683.500000,501578.000000,0.00335641,0.00041955
BN254,field_mul,16,2,2615.000000,88933.500000,0.02940399,0.01470200
BN254,field_mul,16,4,2615.000000,260014.500000,0.01005713,0.00251428
BN254,field_mul,16,8,2615.000000,584182.500000,0.00447634,0.00055954
BN254,field_mul,32,2,4709.000000,100326.500000,0.04693675,0.02346838
BN254,field_mul,32,4,4709.000000,252678.500000,0.01863633,0.00465908
BN254,field_mul,32,8,4709.000000,584274.500000,0.00805957,0.00100745
BN254,field_mul,64,2,11115.000000,102392.000000,0.10855340,0.05427670
BN254,field_mul,64,4,11115.000000,236735.500000,0.04695113,0.01173778
BN254,field_mul,64,8,11115.000000,542149.000000,0.02050174,0.00256272
BN254,field_mul,128,2,17873.000000,106294.500000,0.16814605,0.08407302
BN254,field_mul,128,4,17873.000000,200315.000000,0.08922447,0.02230612
BN254,field_mul,128,8,17873.000000,605522.000000,0.02951668,0.00368959
BN254,field_mul,256,2,34714.000000,117278.000000,0.29599754,0.14799877
BN254,field_mul,256,4,34714.000000,177547.000000,0.19552006,0.04888001
BN254,field_mul,256,8,34714.000000,641091.000000,0.05414832,0.00676854
BN254,field_mul,512,2,68552.500000,140890.500000,0.48656581,0.24328290
BN254,field_mul,512,4,68552.500000,202563.500000,0.33842474,0.08460619
BN254,field_mul,512,8,68552.500000,661582.000000,0.10361905,0.01295238
BN254,multi_pairing,2,2,7247423.000000,4015307.000000,1.80494866,0.90247433
BN254,multi_pairing,2,4,7247423.000000,2420430.000000,2.99427085,0.74856771
BN254,multi_pairing,2,8,7247423.000000,1748135.500000,4.14580163,0.51822520
BN254,multi_pairing,4,2,10404108.500000,5610446.500000,1.85441720,0.92720860
BN254,multi_pairing,4,4,10404108.500000,3180264.500000,3.27146013,0.81786503
BN254,multi_pairing,4,8,10404108.500000,2519649.000000,4.12918962,0.51614870
BN254,multi_pairing,8,2,17723181.500000,9443747.000000,1.87671075,0.93835537
BN254,multi_pairing,8,4,17723181.500000,5205343.000000,3.40480570,0.85120142
BN254,multi_pairing,8,8,17723181.500000,3296131.500000,5.37696433,0.67212054
BN254,multi_pairing,16,2,33285786.500000,16709501.000000,1.99202756,0.99601378
BN254,multi_pairing,16,4,33285786.500000,8692492.000000,3.82925708,0.95731427
BN254,multi_pairing,16,8,33285786.500000,6628921.000000,5.02129781,0.62766223
BN254,multi_pairing,32,2,66680622.000000,32124178.000000,2.07571450,1.03785725
BN254,multi_pairing,32,4,66680622.000000,16580737.500000,4.02157154,1.00539288
BN254,multi_pairing,32,8,66680622.000000,10823922.500000,6.16048591,0.77006074
BN254,multi_pairing,64,2,128478796.500000,63687460.000000,2.01733271,1.00866636
BN254,multi_pairing,64,4,128478796.500000,32729436.000000,3.92548153,0.98137038
BN254,multi_pairing,64,8,128478796.500000,22203424.000000,5.78644071,0.72330509
BN254,ntt,2,2,1668.500000,85083.500000,0.01961015,0.00980507
BN254,ntt,2,4,1668.500000,204323.000000,0.00816599,0.00204150
BN254,ntt,2,8,1668.500000,557030.500000,0.00299535,0.00037442
BN254,ntt,4,2,2675.000000,94821.500000,0.02821090,0.01410545
BN254,ntt,4,4,2675.000000,157458.000000,0.01698866,0.00424716
BN254,ntt,4,8,2675.000000,535197.500000,0.00499815,0.00062477
BN254,ntt,8,2,5420.000000,95347.000000,0.05684500,0.02842250
BN254,ntt,8,4,5420.000000,207061.000000,0.02617586,0.00654397
BN254,ntt,8,8,5420.000000,583757.500000,0.00928468,0.00116058
BN254,ntt,16,2,12498.000000,99137.000000,0.12606797,0.06303398
BN254,ntt,16,4,12498.000000,194203.500000,0.06435517,0.01608879
BN254,ntt,16,8,12498.000000,545006.500000,0.02293184,0.00286648
BN254,ntt,32,2,30251.000000,118771.500000,0.25469915,0.12734957
BN254,ntt,32,4,30251.000000,181207.500000,0.16694121,0.04173530
BN254,ntt,32,8,30251.000000,562107.000000,0.05381716,0.00672714
BN254,ntt,64,2,54761.500000,138733.500000,0.39472442,0.19736221
BN254,ntt,64,4,54761.500000,193705.000000,0.28270566,0.07067642
BN254,ntt,64,8,54761.500000,581995.500000,0.09409265,0.01176158
BN254,ntt,128,2,139795.000000,175682.000000,0.79572751,0.39786375
BN254,ntt,128,4,139795.000000,210367.000000,0.66452913,0.16613228
BN254,ntt,128,8,139795.000000,529019.500000,0.26425302,0.03303163
BN254,ntt,256,2,293140.000000,287440.000000,1.01983023,0.50991511
BN254,ntt,256,4,293140.000000,269674.000000,1.08701618,0.27175404
BN254,ntt,256,8,293140.000000,562682.500000,0.52096875,0.06512109
BN254,ntt,512,2,761532.000000,523062.500000,1.45591014,0.72795507
BN254,ntt,512,4,761532.000000,415469.500000,1.83294321,0.45823580
BN254,ntt,512,8,761532.000000,658019.000000,1.15731005,0.14466376
BN254-G1,msm,2,2,1184309.000000,890711.500000,1.32962132,0.66481066
BN254-G1,msm,2,4,1184309.000000,594599.500000,1.99177598,0.49794399
BN254-G1,msm,2,8,1184309.000000,672154.500000,1.76195949,0.22024494
BN254-G1,msm,4,2,1689374.000000,1152633.500000,1.46566450,0.73283225
BN254-G1,msm,4,4,1689374.000000,777439.000000,2.17299878,0.54324970
BN254-G1,msm,4,8,1689374.000000,767338.000000,2.20160347,0.27520043
BN254-G1,msm,8,2,2468904.000000,1526661.000000,1.61719203,0.80859601
BN254-G1,msm,8,4,2468904.000000,1020048.000000,2.42038022,0.60509505
BN254-G1,msm,8,8,2468904.000000,835270.000000,2.95581548,0.36947694
BN254-G1,msm,16,2,3943616.000000,2344318.000000,1.68220182,0.84110091
BN254-G1,msm,16,4,3943616.000000,1453553.000000,2.71308717,0.67827179
BN254-G1,msm,16,8,3943616.000000,1110105.500000,3.55246956,0.44405870
BN254-G1,msm,32,2,6236295.000000,3555066.000000,1.75419950,0.87709975
BN254-G1,msm,32,4,6236295.000000,2087941.500000,2.98681500,0.74670375
BN254-G1,msm,32,8,6236295.000000,1540847.000000,4.04731618,0.50591452
BN254-G1,msm,64,2,10458762.500000,5554593.000000,1.88290348,0.94145174
BN254-G1,msm,64,4,10458762.500000,3291273.500000,3.17772513,0.79443128
BN254-G1,msm,64,8,10458762.500000,2691200.500000,3.88628142,0.48578518
BN254-G1,msm,128,2,16793436.000000,8740259.500000,1.92138872,0.96069436
BN254-G1,msm,128,4,16793436.000000,4738392.000000,3.54412130,0.88603032
BN254-G1,msm,128,8,16793436.000000,2994302.000000,5.60846434,0.70105804
BN254-G1,msm,256,2,28611902.500000,14989595.000000,1.90878423,0.95439211
BN254-G1,msm,256,4,28611902.500000,7792930.500000,3.67152030,0.91788007
BN254-G1,msm,256,8,28611902.500000,6091035.000000,4.69737943,0.58717243
BN254-G1,msm,512,2,49364598.500000,26246725.500000,1.88079075,0.94039537
BN254-G1,msm,512,4,49364598.500000,13209907.000000,3.73693763,0.93423441
BN254-G1,msm,512,8,49364598.500000,8296188.000000,5.95027481,0.74378435
BW6-761,field_add,2,2,986.500000,95404.500000,0.01034018,0.00517009
BW6-761,field_add,2,4,986.500000,198124.000000,0.00497920,0.00124480
BW6-761,field_add,2,8,986.500000,504081.000000,0.00195703,0.00024463
BW6-761,field_add,4,2,1102.000000,92776.000000,0.01187807,0.00593904
BW6-761,field_add,4,4,1102.000000,222917.500000,0.00494353,0.00123588
BW6-761,field_add,4,8,1102.000000,453171.000000,0.00243175,0.00030397
BW6-761,field_add,8,2,1432.500000,96603.500000,0.01482866,0.00741433
BW6-761,field_add,8,4,1432.500000,197550.000000,0.00725133,0.00181283
BW6-761,field_add,8,8,1432.500000,536051.500000,0.00267232,0.00033404
BW6-761,field_add,16,2,2049.000000,94158.500000,0.02176118,0.01088059
BW6-761,field_add,16,4,2049.000000,220257.000000,0.00930277,0.00232569
BW6-761,field_add,16,8,2049.000000,460038.500000,0.00445398,0.00055675
BW6-761,field_add,32,2,4428.000000,101028.000000,0.04382943,0.02191472
BW6-761,field_add,32,4,4428.000000,244968.500000,0.01807579,0.00451895
BW6-761,field_add,32,8,4428.000000,477856.500000,0.00926638,0.00115830
BW6-761,field_add,64,2,7519.000000,102290.500000,0.07350634,0.03675317
BW6-761,field_add,64,4,7519.000000,205017.500000,0.03667492,0.00916873
BW6-761,field_add,64,8,7519.000000,522906.500000,0.01437924,0.00179741
BW6-761,field_add,128,2,15794.000000,107412.000000,0.14704130,0.07352065
BW6-761,field_add,128,4,15794.000000,184203.500000,0.08574213,0.02143553
BW6-761,field_add,128,8,15794.000000,576816.000000,0.02738135,0.00342267
BW6-761,field_add,256,2,31524.000000,118569.000000,0.26587051,0.13293525
BW6-761,field_add,256,4,31524.000000,173801.000000,0.18137985,0.04534496
BW6-761,field_add,256,8,31524.000000,554462.000000,0.05685511,0.00710689
BW6-761,field_add,512,2,61049.000000,139001.500000,0.43919670,0.21959835
BW6-761,field_add,512,4,61049.000000,191852.500000,0.31820800,0.07955200
BW6-761,field_add,512,8,61049.000000,653621.500000,0.09340115,0.01167514
BW6-761,field_inv,2,2,164211.000000,189397.500000,0.86701778,0.43350889
BW6-761,field_inv,2,4,164211.000000,218124.000000,0.75283325,0.18820831
BW6-761,field_inv,2,8,164211.000000,676764.000000,0.24264145,0.03033018
BW6-761,field_inv,4,2,288071.000000,264223.000000,1.09025709,0.54512855
BW6-761,field_inv,4,4,288071.000000,232550.000000,1.23874866,0.30968716
BW6-761,field_inv,4,8,288071.000000,611703.000000,0.47093279,0.05886660
BW6-761,field_inv,8,2,435080.000000,376881.000000,1.15442275,0.57721137
BW6-761,field_inv,8,4,435080.000000,387761.500000,1.12202991,0.28050748
BW6-761,field_inv,8,8,435080.000000,534812.500000,0.81351876,0.10168984
BW6-761,field_inv,16,2,841937.000000,581650.000000,1.44749764,0.72374882
BW6-761,field_inv,16,4,841937.000000,494560.500000,1.70239435,0.42559859
BW6-761,field_inv,16,8,841937.000000,661268.000000,1.27321600,0.15915200
BW6-761,field_inv,32,2,1629682.500000,942749.500000,1.72864849,0.86432425
BW6-761,field_inv,32,4,1629682.500000,649218.000000,2.51022384,0.62755596
BW6-761,field_inv,32,8,1629682.500000,683322.500000,2.38493903,0.29811738
BW6-761,field_inv,64,2,2991512.000000,1746666.000000,1.71269836,0.85634918
BW6-761,field_inv,64,4,2991512.000000,1147385.000000,2.60724343,0.65181086
BW6-761,field_inv,64,8,2991512.000000,1036256.000000,2.88684649,0.36085581
BW6-761,field_inv,128,2,5798235.000000,3201533.500000,1.81108053,0.90554027
BW6-761,field_inv,128,4,5798235.000000,1826694.000000,3.17416874,0.79354219
BW6-761,field_inv,128,8,5798235.000000,1717912.000000,3.37516415,0.42189552
BW6-761,field_inv,256,2,11203212.500000,5927183.000000,1.89014115,0.94507058
BW6-761,field_inv,256,4,11203212.500000,3613595.000000,3.10029555,0.77507389
BW6-761,field_inv,256,8,11203212.500000,2170284.000000,5.16209515,0.64526189
BW6-761,field_inv,512,2,22303942.000000,11805165.000000,1.88933759,0.94466880
BW6-761,field_inv,512,4,22303942.000000,6074357.000000,3.67181942,0.91795486
BW6-761,field_inv,512,8,22303942.000000,3590642.000000,6.21168638,0.77646080
BW6-761,field_mul,2,2,1002.000000,92398.000000,0.01084439,0.00542220
BW6-761,field_mul,2,4,1002.000000,261051.000000,0.00383833,0.00095958
BW6-761,field_mul,2,8,1002.000000,414601.000000,0.00241678,0.00030210
BW6-761,field_mul,4,2,1653.500000,90133.000000,0.01834511,0.00917256
BW6-761,field_mul,4,4,1653.500000,281927.000000,0.00586499,0.00146625
BW6-761,field_mul,4,8,1653.500000,420659.000000,0.00393074,0.00049134
BW6-761,field_mul,8,2,2755.000000,92831.500000,0.02967743,0.01483871
BW6-761,field_mul,8,4,2755.000000,159261.500000,0.01729859,0.00432465
BW6-761,field_mul,8,8,2755.000000,425629.500000,0.00647277,0.00080910
BW6-761,field_mul,16,2,4664.000000,97066.500000,0.04804953,0.02402477
BW6-761,field_mul,16,4,4664.000000,190747.000000,0.02445124,0.00611281
BW6-761,field_mul,16,8,4664.000000,522850.500000,0.00892033,0.00111504
BW6-761,field_mul,32,2,8966.500000,98056.000000,0.09144265,0.04572132
BW6-761,field_mul,32,4,8966.500000,193776.000000,0.04627250,0.01156813
BW6-761,field_mul,32,8,8966.500000,543297.000000,0.01650386,0.00206298
BW6-761,field_mul,64,2,21474.500000,119758.500000,0.17931504,0.08965752
BW6-761,field_mul,64,4,21474.500000,169548.000000,0.12665735,0.03166434
BW6-761,field_mul,64,8,21474.500000,498232.000000,0.04310141,0.00538768
BW6-761,field_mul,128,2,35325.500000,137215.000000,0.25744634,0.12872317
BW6-761,field_mul,128,4,35325.500000,173237.000000,0.20391429,0.05097857
BW6-761,field_mul,128,8,35325.500000,545014.500000,0.06481571,0.00810196
BW6-761,field_mul,256,2,83600.500000,138400.500000,0.60404767,0.30202384
BW6-761,field_mul,256,4,83600.500000,192685.500000,0.43387022,0.10846755
BW6-761,field_mul,256,8,83600.500000,526072.000000,0.15891456,0.01986432
BW6-761,field_mul,512,2,163053.500000,180035.000000,0.90567667,0.45283834
BW6-761,field_mul,512,4,163053.500000,217269.500000,0.75046659,0.18761665
BW6-761,field_mul,512,8,163053.500000,604475.500000,0.26974377,0.03371797
BW6-761,multi_pairing,2,2,37977497.000000,20009786.500000,1.89794614,0.94897307
BW6-761,multi_pairing,2,4,37977497.000000,10213147.500000,3.71849099,0.92962275
BW6-761,multi_pairing,2,8,37977497.000000,6133860.000000,6.19145155,0.77393144
BW6-761,multi_pairing,4,2,57485507.000000,28698809.500000,2.00306243,1.00153121
BW6-761,multi_pairing,4,4,57485507.000000,15657535.000000,3.67142765,0.91785691
BW6-761,multi_pairing,4,8,57485507.000000,10908001.500000,5.27003109,0.65875389
BW6-761,multi_pairing,8,2,101970436.000000,50882164.000000,2.00405069,1.00202535
BW6-761,multi_pairing,8,4,101970436.000000,26334816.000000,3.87207703,0.96801926
BW6-761,multi_pairing,8,8,101970436.000000,19701342.000000,5.17581168,0.64697646
BW6-761,multi_pairing,16,2,185916612.000000,94252437.000000,1.97253904,0.98626952
BW6-761,multi_pairing,16,4,185916612.000000,50519955.000000,3.68006290,0.92001572
BW6-761,multi_pairing,16,8,185916612.000000,31116245.000000,5.97490513,0.74686314
BW6-761,multi_pairing,32,2,355011895.000000,189710357.500000,1.87133639,0.93566819
BW6-761,multi_pairing,32,4,355011895.000000,98697948.500000,3.59695313,0.89923828
BW6-761,multi_pairing,32,8,355011895.000000,64394359.000000,5.51308997,0.68913625
BW6-761,multi_pairing,64,2,692693578.000000,360247742.500000,1.92282559,0.96141279
BW6-761,multi_pairing,64,4,692693578.000000,203606617.000000,3.40211722,0.85052931
BW6-761,multi_pairing,64,8,692693578.000000,122240583.000000,5.66664164,0.70833021
BW6-761,ntt,2,2,1984.000000,90983.000000,0.02180627,0.01090314
BW6-761,ntt,2,4,1984.000000,178865.500000,0.01109213,0.00277303
BW6-761,ntt,2,8,1984.000000,521079.500000,0.00380748,0.00047594
BW6-761,ntt,4,2,4103.000000,93007.500000,0.04411472,0.02205736
BW6-761,ntt,4,4,4103.000000,158097.000000,0.02595242,0.00648811
BW6-761,ntt,4,8,4103.000000,590688.000000,0.00694614,0.00086827
BW6-761,ntt,8,2,7814.500000,96845.000000,0.08069079,0.04034540
BW6-761,ntt,8,4,7814.500000,178342.000000,0.04381750,0.01095437
BW6-761,ntt,8,8,7814.500000,519455.500000,0.01504364,0.00188045
BW6-761,ntt,16,2,20453.500000,120521.000000,0.16970901,0.08485451
BW6-761,ntt,16,4,20453.500000,176866.500000,0.11564372,0.02891093
BW6-761,ntt,16,8,20453.500000,518931.000000,0.03941468,0.00492684
BW6-761,ntt,32,2,41422.500000,126666.000000,0.32702146,0.16351073
BW6-761,ntt,32,4,41422.500000,173746.000000,0.23840837,0.05960209
BW6-761,ntt,32,8,41422.500000,564029.500000,0.07344031,0.00918004
BW6-761,ntt,64,2,106513.500000,170340.500000,0.62529757,0.31264878
BW6-761,ntt,64,4,106513.500000,171211.000000,0.62211832,0.15552958
BW6-761,ntt,64,8,106513.500000,553383.500000,0.19247683,0.02405960
BW6-761,ntt,128,2,262744.000000,246565.500000,1.06561542,0.53280771
BW6-761,ntt,128,4,262744.000000,248078.000000,1.05911850,0.26477963
BW6-761,ntt,128,8,262744.000000,511231.500000,0.51394329,0.06424291
BW6-761,ntt,256,2,494540.000000,429116.000000,1.15246227,0.57623114
BW6-761,ntt,256,4,494540.000000,391987.000000,1.26162347,0.31540587
BW6-761,ntt,256,8,494540.000000,568898.500000,0.86929391,0.10866174
BW6-761,ntt,512,2,1139149.500000,791588.000000,1.43906868,0.71953434
BW6-761,ntt,512,4,1139149.500000,581223.000000,1.95991814,0.48997953
BW6-761,ntt,512,8,1139149.500000,666019.000000,1.71038589,0.21379824
BW6-761-G1,msm,2,2,11285324.000000,5954214.500000,1.89535060,0.94767530
BW6-761-G1,msm,2,4,11285324.000000,3426552.000000,3.29349270,0.82337318
BW6-761-G1,msm,2,8,11285324.000000,2245294.000000,5.02621216,0.62827652
BW6-761-G1,msm,4,2,15999112.500000,8625121.000000,1.85494354,0.92747177
BW6-761-G1,msm,4,4,15999112.500000,4556072.500000,3.51160182,0.87790046
BW6-761-G1,msm,4,8,15999112.500000,3817818.500000,4.19064251,0.52383031
BW6-761-G1,msm,8,2,23342782.000000,12346843.000000,1.89058709,0.94529355
BW6-761-G1,msm,8,4,23342782.000000,6448942.500000,3.61962942,0.90490735
BW6-761-G1,msm,8,8,23342782.000000,4646155.000000,5.02410746,0.62801343
BW6-761-G1,msm,16,2,36189805.500000,18789944.500000,1.92601982,0.96300991
BW6-761-G1,msm,16,4,36189805.500000,9847057.500000,3.67518982,0.91879746
BW6-761-G1,msm,16,8,36189805.500000,5759794.000000,6.28317705,0.78539713
BW6-761-G1,msm,32,2,60276237.500000,31115809.500000,1.93715794,0.96857897
BW6-761-G1,msm,32,4,60276237.500000,15680181.500000,3.84410330,0.96102583
BW6-761-G1,msm,32,8,60276237.500000,11017001.500000,5.47120171,0.68390021
BW6-761-G1,msm,64,2,100559898.000000,51513434.500000,1.95211014,0.97605507
BW6-761-G1,msm,64,4,100559898.000000,26051988.000000,3.85997023,0.96499256
BW6-761-G1,msm,64,8,100559898.000000,17178560.500000,5.85380236,0.73172530
BW6-761-G1,msm,128,2,155947530.000000,82678398.000000,1.88619438,0.94309719
BW6-761-G1,msm,128,4,155947530.000000,40392076.500000,3.86084459,0.96521115
BW6-761-G1,msm,128,8,155947530.000000,29688373.000000,5.25281497,0.65660187
BW6-761-G1,msm,256,2,286718788.000000,134037859.500000,2.13908808,1.06954404
BW6-761-G1,msm,256,4,286718788.000000,72301258.500000,3.96561269,0.99140317
BW6-761-G1,msm,256,8,286718788.000000,49024854.500000,5.84843731,0.73105466
BW6-761-G1,msm,512,2,478523183.000000,250870624.500000,1.90745004,0.95372502
BW6-761-G1,msm,512,4,478523183.000000,126940785.000000,3.76965672,0.94241418
BW6-761-G1,msm,512,8,478523183.000000,86753179.000000,5.51591525,0.68948941
BabyJubjub-BN254,field_add,2,2,526.000000,98028.500000,0.00536579,0.00268289
BabyJubjub-BN254,field_add,2,4,526.000000,229937.500000,0.00228758,0.00057189
BabyJubjub-BN254,field_add,2,8,526.000000,464165.500000,0.00113322,0.00014165
BabyJubjub-BN254,field_add,4,2,731.500000,97965.500000,0.00746691,0.00373346
BabyJubjub-BN254,field_add,4,4,731.500000,205520.000000,0.00355926,0.00088982
BabyJubjub-BN254,field_add,4,8,731.500000,449409.000000,0.00162769,0.00020346
BabyJubjub-BN254,field_add,8,2,616.000000,94241.000000,0.00653643,0.00326822
BabyJubjub-BN254,field_add,8,4,616.000000,244409.500000,0.00252036,0.00063009
BabyJubjub-BN254,field_add,8,8,616.000000,436202.000000,0.00141219,0.00017652
BabyJubjub-BN254,field_add,16,2,867.000000,96444.500000,0.00898963,0.00449481
BabyJubjub-BN254,field_add,16,4,867.000000,203999.000000,0.00425002,0.00106251
BabyJubjub-BN254,field_add,16,8,867.000000,426251.000000,0.00203401,0.00025425
BabyJubjub-BN254,field_add,32,2,1247.000000,102453.500000,0.01217138,0.00608569
BabyJubjub-BN254,field_add,32,4,1247.000000,192448.000000,0.00647967,0.00161992
BabyJubjub-BN254,field_add,32,8,1247.000000,446415.500000,0.00279336,0.00034917
BabyJubjub-BN254,field_add,64,2,2174.000000,108031.000000,0.02012385,0.01006193
BabyJubjub-BN254,field_add,64,4,2174.000000,216564.000000,0.01003860,0.00250965
BabyJubjub-BN254,field_add,64,8,2174.000000,458122.500000,0.00474546,0.00059318
BabyJubjub-BN254,field_add,128,2,3346.500000,96885.500000,0.03454077,0.01727039
BabyJubjub-BN254,field_add,128,4,3346.500000,192137.500000,0.01741721,0.00435430
BabyJubjub-BN254,field_add,128,8,3346.500000,503404.000000,0.00664774,0.00083097
BabyJubjub-BN254,field_add,256,2,5645.000000,97281.000000,0.05802778,0.02901389
BabyJubjub-BN254,field_add,256,4,5645.000000,197219.500000,0.02862293,0.00715573
BabyJubjub-BN254,field_add,256,8,5645.000000,562755.000000,0.01003101,0.00125388
BabyJubjub-BN254,field_add,512,2,12758.500000,110375.500000,0.11559178,0.05779589
BabyJubjub-BN254,field_add,512,4,12758.500000,315705.500000,0.04041266,0.01010317
BabyJubjub-BN254,field_add,512,8,12758.500000,538091.500000,0.02371065,0.00296383
BabyJubjub-BN254,field_inv,2,2,66373.500000,138583.000000,0.47894403,0.23947201
BabyJubjub-BN254,field_inv,2,4,66373.500000,194031.000000,0.34207678,0.08551920
BabyJubjub-BN254,field_inv,2,8,66373.500000,541671.500000,0.12253460,0.01531682
BabyJubjub-BN254,field_inv,4,2,102786.000000,186051.500000,0.55245994,0.27622997
BabyJubjub-BN254,field_inv,4,4,102786.000000,203953.500000,0.50396782,0.12599195
BabyJubjub-BN254,field_inv,4,8,102786.000000,577710.000000,0.17791972,0.02223996
BabyJubjub-BN254,field_inv,8,2,196125.000000,215492.500000,0.91012448,0.45506224
BabyJubjub-BN254,field_inv,8,4,196125.000000,236164.500000,0.83045928,0.20761482
BabyJubjub-BN254,field_inv,8,8,196125.000000,591317.500000,0.33167461,0.04145933
BabyJubjub-BN254,field_inv,16,2,302077.500000,264297.000000,1.14294714,0.57147357
BabyJubjub-BN254,field_inv,16,4,302077.500000,328089.500000,0.92071676,0.23017919
BabyJubjub-BN254,field_inv,16,8,302077.500000,624202.000000,0.48394190,0.06049274
BabyJubjub-BN254,field_inv,32,2,557598.000000,447277.500000,1.24664889,0.62332445
BabyJubjub-BN254,field_inv,32,4,557598.000000,407013.500000,1.36997421,0.34249355
BabyJubjub-BN254,field_inv,32,8,557598.000000,624374.500000,0.89305057,0.11163132
BabyJubjub-BN254,field_inv,64,2,1045801.000000,768560.000000,1.36072785,0.68036393
BabyJubjub-BN254,field_inv,64,4,1045801.000000,564355.500000,1.85308905,0.46327226
BabyJubjub-BN254,field_inv,64,8,1045801.000000,669318.000000,1.56248749,0.19531094
BabyJubjub-BN254,field_inv,128,2,2264962.000000,1270996.000000,1.78203708,0.89101854
BabyJubjub-BN254,field_inv,128,4,2264962.000000,912138.000000,2.48313523,0.62078381
BabyJubjub-BN254,field_inv,128,8,2264962.000000,867790.000000,2.61003469,0.32625434
BabyJubjub-BN254,field_inv,256,2,4067140.500000,2337573.000000,1.73989882,0.86994941
BabyJubjub-BN254,field_inv,256,4,4067140.500000,1463924.500000,2.77824471,0.69456118
BabyJubjub-BN254,field_inv,256,8,4067140.500000,1267860.000000,3.20787824,0.40098478
BabyJubjub-BN254,field_inv,512,2,8271171.500000,5141058.000000,1.60884618,0.80442309
BabyJubjub-BN254,field_inv,512,4,8271171.500000,2491621.000000,3.31959455,0.82989864
BabyJubjub-BN254,field_inv,512,8,8271171.500000,2203957.500000,3.75287250,0.46910906
BabyJubjub-BN254,field_mul,2,2,731.000000,102585.000000,0.00712580,0.00356290
BabyJubjub-BN254,field_mul,2,4,731.000000,238188.000000,0.00306900,0.00076725
BabyJubjub-BN254,field_mul,2,8,731.000000,415406.500000,0.00175972,0.00021997
BabyJubjub-BN254,field_mul,4,2,811.500000,100559.500000,0.00806985,0.00403492
BabyJubjub-BN254,field_mul,4,4,811.500000,186682.500000,0.00434695,0.00108674
BabyJubjub-BN254,field_mul,4,8,811.500000,436362.500000,0.00185969,0.00023246
BabyJubjub-BN254,field_mul,8,2,1417.500000,112233.500000,0.01262992,0.00631496
BabyJubjub-BN254,field_mul,8,4,1417.500000,202666.500000,0.00699425,0.00174856
BabyJubjub-BN254,field_mul,8,8,1417.500000,426793.500000,0.00332128,0.00041516
BabyJubjub-BN254,field_mul,16,2,2560.000000,91630.000000,0.02793845,0.01396922
BabyJubjub-BN254,field_mul,16,4,2560.000000,264495.000000,0.00967882,0.00241971
BabyJubjub-BN254,field_mul,16,8,2560.000000,491775.000000,0.00520563,0.00065070
BabyJubjub-BN254,field_mul,32,2,5305.000000,89441.500000,0.05931251,0.02965626
BabyJubjub-BN254,field_mul,32,4,5305.000000,251357.500000,0.02110540,0.00527635
BabyJubjub-BN254,field_mul,32,8,5305.000000,481937.500000,0.01100765,0.00137596
BabyJubjub-BN254,field_mul,64,2,8431.000000,98298.000000,0.08576980,0.04288490
BabyJubjub-BN254,field_mul,64,4,8431.000000,194088.500000,0.04343895,0.01085974
BabyJubjub-BN254,field_mul,64,8,8431.000000,528638.500000,0.01594852,0.00199356
BabyJubjub-BN254,field_mul,128,2,16130.000000,100637.000000,0.16027902,0.08013951
BabyJubjub-BN254,field_mul,128,4,16130.000000,198572.000000,0.08122998,0.02030750
BabyJubjub-BN254,field_mul,128,8,16130.000000,591989.000000,0.02724713,0.00340589
BabyJubjub-BN254,field_mul,256,2,35771.500000,122273.000000,0.29255437,0.14627718
BabyJubjub-BN254,field_mul,256,4,35771.500000,175959.500000,0.20329394,0.05082348
BabyJubjub-BN254,field_mul,256,8,35771.500000,542908.500000,0.06588864,0.00823608
BabyJubjub-BN254,field_mul,512,2,71137.000000,150885.000000,0.47146502,0.23573251
BabyJubjub-BN254,field_mul,512,4,71137.000000,197484.500000,0.36021561,0.09005390
BabyJubjub-BN254,field_mul,512,8,71137.000000,562569.000000,0.12645027,0.01580628
BabyJubjub-BN254,msm,2,2,3068876.500000,1679873.500000,1.82684976,0.91342488
BabyJubjub-BN254,msm,2,4,3068876.500000,1169549.000000,2.62398283,0.65599571
BabyJubjub-BN254,msm,2,8,3068876.500000,1034956.500000,2.96522269,0.37065284
BabyJubjub-BN254,msm,4,2,3452285.000000,1829758.500000,1.88674352,0.94337176
BabyJubjub-BN254,msm,4,4,3452285.000000,1260180.500000,2.73951628,0.68487907
BabyJubjub-BN254,msm,4,8,3452285.000000,1070294.500000,3.22554680,0.40319335
BabyJubjub-BN254,msm,8,2,4120950.500000,2199679.500000,1.87343224,0.93671612
BabyJubjub-BN254,msm,8,4,4120950.500000,1391525.000000,2.96146350,0.74036588
BabyJubjub-BN254,msm,8,8,4120950.500000,1163261.500000,3.54258307,0.44282288
BabyJubjub-BN254,msm,16,2,5038081.500000,2812002.500000,1.79163479,0.89581739
BabyJubjub-BN254,msm,16,4,5038081.500000,1720378.500000,2.92847272,0.73211818
BabyJubjub-BN254,msm,16,8,5038081.500000,1288510.500000,3.91000423,0.48875053
BabyJubjub-BN254,msm,32,2,9387379.000000,4773028.000000,1.96675549,0.98337774
BabyJubjub-BN254,msm,32,4,9387379.000000,2765118.500000,3.39492828,0.84873207
BabyJubjub-BN254,msm,32,8,9387379.000000,2116216.500000,4.43592562,0.55449070
BabyJubjub-BN254,msm,64,2,14646111.000000,7571937.500000,1.93426200,0.96713100
BabyJubjub-BN254,msm,64,4,14646111.000000,4243736.000000,3.45123047,0.86280762
BabyJubjub-BN254,msm,64,8,14646111.000000,3461003.500000,4.23175273,0.52896909
BabyJubjub-BN254,msm,128,2,19284774.500000,9893677.500000,1.94920185,0.97460093
BabyJubjub-BN254,msm,128,4,19284774.500000,5455088.000000,3.53519036,0.88379759
BabyJubjub-BN254,msm,128,8,19284774.500000,3274852.000000,5.88874688,0.73609336
BabyJubjub-BN254,msm,256,2,33267353.500000,16900016.500000,1.96848053,0.98424027
BabyJubjub-BN254,msm,256,4,33267353.500000,8756129.000000,3.79932199,0.94983050
BabyJubjub-BN254,msm,256,8,33267353.500000,5438080.000000,6.11748145,0.76468518
BabyJubjub-BN254,msm,512,2,58120603.000000,29520185.000000,1.96884278,0.98442139
BabyJubjub-BN254,msm,512,4,58120603.000000,15344597.000000,3.78769172,0.94692293
BabyJubjub-BN254,msm,512,8,58120603.000000,11372251.000000,5.11073867,0.63884233
BabyJubjub-BN254,ntt,2,2,1648.500000,92156.500000,0.01788805,0.00894402
BabyJubjub-BN254,ntt,2,4,1648.500000,185352.500000,0.00889386,0.00222347
BabyJubjub-BN254,ntt,2,8,1648.500000,556464.000000,0.00296246,0.00037031
BabyJubjub-BN254,ntt,4,2,3131.000000,92225.000000,0.03394958,0.01697479
BabyJubjub-BN254,ntt,4,4,3131.000000,188668.500000,0.01659525,0.00414881
BabyJubjub-BN254,ntt,4,8,3131.000000,557614.500000,0.00561499,0.00070187
BabyJubjub-BN254,ntt,8,2,5911.000000,92066.500000,0.06420359,0.03210180
BabyJubjub-BN254,ntt,8,4,5911.000000,211118.500000,0.02799849,0.00699962
BabyJubjub-BN254,ntt,8,8,5911.000000,511444.500000,0.01155746,0.00144468
BabyJubjub-BN254,ntt,16,2,12187.500000,111207.500000,0.10959243,0.05479621
BabyJubjub-BN254,ntt,16,4,12187.500000,168152.500000,0.07247885,0.01811971
BabyJubjub-BN254,ntt,16,8,12187.500000,612204.500000,0.01990756,0.00248845
Jubjub-BLS12-381,field_add,2,2,380.500000,95883.000000,0.00396838,0.00198419
Jubjub-BLS12-381,field_add,2,4,380.500000,205043.500000,0.00185570,0.00046393
Jubjub-BLS12-381,field_add,2,8,380.500000,501984.500000,0.00075799,0.00009475
Jubjub-BLS12-381,field_add,4,2,380.500000,94937.000000,0.00400792,0.00200396
Jubjub-BLS12-381,field_add,4,4,380.500000,207892.000000,0.00183028,0.00045757
Jubjub-BLS12-381,field_add,4,8,380.500000,445302.500000,0.00085448,0.00010681
Jubjub-BLS12-381,field_add,8,2,601.000000,85972.500000,0.00699061,0.00349530
Jubjub-BLS12-381,field_add,8,4,601.000000,237020.500000,0.00253565,0.00063391
Jubjub-BLS12-381,field_add,8,8,601.000000,473558.500000,0.00126911,0.00015864
Jubjub-BLS12-381,field_add,16,2,937.000000,92312.500000,0.01015030,0.00507515
Jubjub-BLS12-381,field_add,16,4,937.000000,238441.000000,0.00392969,0.00098242
Jubjub-BLS12-381,field_add,16,8,937.000000,450270.500000,0.00208097,0.00026012
Jubjub-BLS12-381,field_add,32,2,1262.000000,97006.500000,0.01300944,0.00650472
Jubjub-BLS12-381,field_add,32,4,1262.000000,204267.000000,0.00617819,0.00154455
Jubjub-BLS12-381,field_add,32,8,1262.000000,450250.500000,0.00280288,0.00035036
Jubjub-BLS12-381,field_add,64,2,1853.500000,102067.500000,0.01815955,0.00907978
Jubjub-BLS12-381,field_add,64,4,1853.500000,257492.000000,0.00719828,0.00179957
Jubjub-BLS12-381,field_add,64,8,1853.500000,424314.000000,0.00436823,0.00054603
Jubjub-BLS12-381,field_add,128,2,3186.000000,94853.000000,0.03358882,0.01679441
Jubjub-BLS12-381,field_add,128,4,3186.000000,222035.500000,0.01434906,0.00358726
Jubjub-BLS12-381,field_add,128,8,3186.000000,536896.500000,0.00593410,0.00074176
Jubjub-BLS12-381,field_add,256,2,5881.000000,93251.000000,0.06306635,0.03153317
Jubjub-BLS12-381,field_add,256,4,5881.000000,236855.500000,0.02482948,0.00620737
Jubjub-BLS12-381,field_add,256,8,5881.000000,574880.000000,0.01022996,0.00127875
Jubjub-BLS12-381,field_add,512,2,12989.500000,106792.000000,0.12163364,0.06081682
Jubjub-BLS12-381,field_add,512,4,12989.500000,183917.500000,0.07062678,0.01765669
Jubjub-BLS12-381,field_add,512,8,12989.500000,591756.500000,0.02195075,0.00274384
Jubjub-BLS12-381,field_inv,2,2,66133.000000,162943.000000,0.40586585,0.20293293
Jubjub-BLS12-381,field_inv,2,4,66133.000000,191301.000000,0.34570128,0.08642532
Jubjub-BLS12-381,field_inv,2,8,66133.000000,544282.500000,0.12150492,0.01518811
Jubjub-BLS12-381,field_inv,4,2,103056.500000,173529.000000,0.59388632,0.29694316
Jubjub-BLS12-381,field_inv,4,4,103056.500000,199473.500000,0.51664256,0.12916064
Jubjub-BLS12-381,field_inv,4,8,103056.500000,552153.000000,0.18664482,0.02333060
Jubjub-BLS12-381,field_inv,8,2,184563.500000,212707.500000,0.86768685,0.43384342
Jubjub-BLS12-381,field_inv,8,4,184563.500000,215415.500000,0.85677911,0.21419478
Jubjub-BLS12-381,field_inv,8,8,184563.500000,608777.500000,0.30317070,0.03789634
Jubjub-BLS12-381,field_inv,16,2,295234.000000,293255.500000,1.00674668,0.50337334
Jubjub-BLS12-381,field_inv,16,4,295234.000000,259584.500000,1.13733293,0.28433323
Jubjub-BLS12-381,field_inv,16,8,295234.000000,614954.500000,0.48009080,0.06001135
Jubjub-BLS12-381,field_inv,32,2,564605.500000,516534.500000,1.09306445,0.54653223
Jubjub-BLS12-381,field_inv,32,4,564605.500000,394925.000000,1.42965247,0.35741312
Jubjub-BLS12-381,field_inv,32,8,564605.500000,652392.500000,0.86543837,0.10817980
Jubjub-BLS12-381,field_inv,64,2,1043937.500000,813602.000000,1.28310587,0.64155293
Jubjub-BLS12-381,field_inv,64,4,1043937.500000,574755.000000,1.81631739,0.45407935
Jubjub-BLS12-381,field_inv,64,8,1043937.500000,692559.000000,1.50736255,0.18842032
Jubjub-BLS12-381,field_inv,128,2,2205666.000000,1322634.000000,1.66763141,0.83381570
Jubjub-BLS12-381,field_inv,128,4,2205666.000000,894449.000000,2.46594943,0.61648736
Jubjub-BLS12-381,field_inv,128,8,2205666.000000,848659.500000,2.59899995,0.32487499
Jubjub-BLS12-381,field_inv,256,2,4094684.000000,2428946.500000,1.68578600,0.84289300
Jubjub-BLS12-381,field_inv,256,4,4094684.000000,1457772.000000,2.80886449,0.70221612
Jubjub-BLS12-381,field_inv,256,8,4094684.000000,1273705.500000,3.21478081,0.40184760
Jubjub-BLS12-381,field_inv,512,2,8228342.000000,4677484.500000,1.75913827,0.87956914
Jubjub-BLS12-381,field_inv,512,4,8228342.000000,2458967.500000,3.34625895,0.83656474
Jubjub-BLS12-381,field_inv,512,8,8228342.000000,1637447.000000,5.02510432,0.62813804
Jubjub-BLS12-381,field_mul,2,2,911.500000,89274.000000,0.01021014,0.00510507
Jubjub-BLS12-381,field_mul,2,4,911.500000,273474.000000,0.00333304,0.00083326
Jubjub-BLS12-381,field_mul,2,8,911.500000,450238.000000,0.00202448,0.00025306
Jubjub-BLS12-381,field_mul,4,2,992.000000,99675.500000,0.00995230,0.00497615
Jubjub-BLS12-381,field_mul,4,4,992.000000,254093.000000,0.00390408,0.00097602
Jubjub-BLS12-381,field_mul,4,8,992.000000,463197.000000,0.00214164,0.00026770
Jubjub-BLS12-381,field_mul,8,2,1403.000000,96645.000000,0.01451705,0.00725852
Jubjub-BLS12-381,field_mul,8,4,1403.000000,219924.500000,0.00637946,0.00159487
Jubjub-BLS12-381,field_mul,8,8,1403.000000,481598.500000,0.00291322,0.00036415
Jubjub-BLS12-381,field_mul,16,2,2309.000000,104439.500000,0.02210849,0.01105425
Jubjub-BLS12-381,field_mul,16,4,2309.000000,185987.000000,0.01241485,0.00310371
Jubjub-BLS12-381,field_mul,16,8,2309.000000,485539.500000,0.00475553,0.00059444
Jubjub-BLS12-381,field_mul,32,2,4273.000000,96324.500000,0.04436047,0.02218023
Jubjub-BLS12-381,field_mul,32,4,4273.000000,251483.000000,0.01699121,0.00424780
Jubjub-BLS12-381,field_mul,32,8,4273.000000,546823.000000,0.00781423,0.00097678
Jubjub-BLS12-381,field_mul,64,2,8300.500000,116602.000000,0.07118660,0.03559330
Jubjub-BLS12-381,field_mul,64,4,8300.500000,225740.000000,0.03677018,0.00919254
Jubjub-BLS12-381,field_mul,64,8,8300.500000,582223.500000,0.01425655,0.00178207
Jubjub-BLS12-381,field_mul,128,2,16255.000000,114037.500000,0.14254083,0.07127042
Jubjub-BLS12-381,field_mul,128,4,16255.000000,177520.500000,0.09156689,0.02289172
Jubjub-BLS12-381,field_mul,128,8,16255.000000,566759.500000,0.02868060,0.00358507
Jubjub-BLS12-381,field_mul,256,2,39729.000000,136021.500000,0.29207883,0.14603941
Jubjub-BLS12-381,field_mul,256,4,39729.000000,204363.000000,0.19440408,0.04860102
Jubjub-BLS12-381,field_mul,256,8,39729.000000,548138.000000,0.07247992,0.00905999
Jubjub-BLS12-381,field_mul,512,2,79543.000000,155653.500000,0.51102609,0.25551305
Jubjub-BLS12-381,field_mul,512,4,79543.000000,185169.500000,0.42956858,0.10739215
Jubjub-BLS12-381,field_mul,512,8,79543.000000,551531.000000,0.14422217,0.01802777
Jubjub-BLS12-381,msm,2,2,3434734.000000,1779710.500000,1.92993973,0.96496986
Jubjub-BLS12-381,msm,2,4,3434734.000000,1201854.500000,2.85786175,0.71446544
Jubjub-BLS12-381,msm,2,8,3434734.000000,1102196.500000,3.11626284,0.38953286
Jubjub-BLS12-381,msm,4,2,3430566.500000,1954036.500000,1.75563072,0.87781536
Jubjub-BLS12-381,msm,4,4,3430566.500000,1233827.500000,2.78042636,0.69510659
Jubjub-BLS12-381,msm,4,8,3430566.500000,1071386.500000,3.20198780,0.40024847
Jubjub-BLS12-381,msm,8,2,4085483.500000,2292093.500000,1.78242445,0.89121223
Jubjub-BLS12-381,msm,8,4,4085483.500000,1443015.500000,2.83121249,0.70780312
Jubjub-BLS12-381,msm,8,8,4085483.500000,1144159.000000,3.57073055,0.44634132
Jubjub-BLS12-381,msm,16,2,5238619.500000,2784181.500000,1.88156537,0.94078269
Jubjub-BLS12-381,msm,16,4,5238619.500000,1841145.500000,2.84530446,0.71132611
Jubjub-BLS12-381,msm,16,8,5238619.500000,1360899.500000,3.84938013,0.48117252
Jubjub-BLS12-381,msm,32,2,9120965.500000,4675802.000000,1.95067402,0.97533701
Jubjub-BLS12-381,msm,32,4,9120965.500000,2774664.000000,3.28723244,0.82180811
Jubjub-BLS12-381,msm,32,8,9120965.500000,1929746.000000,4.72651090,0.59081386
Jubjub-BLS12-381,msm,64,2,15060324.500000,7639251.500000,1.97143981,0.98571990
Jubjub-BLS12-381,msm,64,4,15060324.500000,4412539.500000,3.41307415,0.85326854
Jubjub-BLS12-381,msm,64,8,15060324.500000,2813343.500000,5.35317657,0.66914707
Jubjub-BLS12-381,msm,128,2,19547805.000000,10160825.000000,1.92384034,0.96192017
Jubjub-BLS12-381,msm,128,4,19547805.000000,5510164.500000,3.54759009,0.88689752
Jubjub-BLS12-381,msm,128,8,19547805.000000,3376528.500000,5.78932030,0.72366504
Jubjub-BLS12-381,msm,256,2,34567729.000000,17105423.000000,2.02086373,1.01043187
Jubjub-BLS12-381,msm,256,4,34567729.000000,9132062.500000,3.78531454,0.94632864
Jubjub-BLS12-381,msm,256,8,34567729.000000,7234949.500000,4.77788117,0.59723515
Jubjub-BLS12-381,msm,512,2,61009263.500000,30130026.500000,2.02486591,1.01243295
Jubjub-BLS12-381,msm,512,4,61009263.500000,16415234.000000,3.71662466,0.92915617
Jubjub-BLS12-381,msm,512,8,61009263.500000,10628507.000000,5.74015367,0.71751921
Jubjub-BLS12-381,ntt,2,2,1743.500000,99124.000000,0.01758908,0.00879454
Jubjub-BLS12-381,ntt,2,4,1743.500000,187441.000000,0.00930159,0.00232540
Jubjub-BLS12-381,ntt,2,8,1743.500000,519795.000000,0.00335421,0.00041928
